DATE,10Y Treasury,10Y TIPS
2016-01-22,2.07,0.72
2016-01-25,2.03,0.69
2016-01-26,2.01,0.65
2016-01-27,2.02,0.62
2016-01-28,2.0,0.58
2016-01-29,1.94,0.53
2016-02-01,1.97,0.57
2016-02-02,1.87,0.51
2016-02-03,1.88,0.5
2016-02-04,1.87,0.51
2016-02-05,1.86,0.53
2016-02-08,1.75,0.52
2016-02-09,1.74,0.53
2016-02-10,1.71,0.5
2016-02-11,1.63,0.45
2016-02-12,1.74,0.49
2016-02-16,1.78,0.53
2016-02-17,1.81,0.53
2016-02-18,1.75,0.51
2016-02-19,1.76,0.5
2016-02-22,1.77,0.46
2016-02-23,1.74,0.42
2016-02-24,1.75,0.39
2016-02-25,1.71,0.32
2016-02-26,1.76,0.35
2016-02-29,1.74,0.32
2016-03-01,1.83,0.35
2016-03-02,1.84,0.33
2016-03-03,1.83,0.3
2016-03-04,1.88,0.37
2016-03-07,1.91,0.43
2016-03-08,1.83,0.37
2016-03-09,1.9,0.39
2016-03-10,1.93,0.45
2016-03-11,1.98,0.44
2016-03-14,1.97,0.45
2016-03-15,1.97,0.47
2016-03-16,1.94,0.36
2016-03-17,1.91,0.34
2016-03-18,1.88,0.27
2016-03-21,1.92,0.28
2016-03-22,1.94,0.31
2016-03-23,1.88,0.3
2016-03-24,1.91,0.34
2016-03-28,1.89,0.33
2016-03-29,1.81,0.2
2016-03-30,1.83,0.18
2016-03-31,1.78,0.16
2016-04-01,1.79,0.17
2016-04-04,1.78,0.14
2016-04-05,1.73,0.14
2016-04-06,1.76,0.17
2016-04-07,1.7,0.12
2016-04-08,1.72,0.14
2016-04-11,1.73,0.17
2016-04-12,1.79,0.22
2016-04-13,1.77,0.21
2016-04-14,1.8,0.24
2016-04-15,1.76,0.2
2016-04-18,1.78,0.21
2016-04-19,1.79,0.19
2016-04-20,1.85,0.23
2016-04-21,1.88,0.24
2016-04-22,1.89,0.25
2016-04-25,1.91,0.26
2016-04-26,1.94,0.27
2016-04-27,1.87,0.19
2016-04-28,1.84,0.12
2016-04-29,1.83,0.12
2016-05-02,1.88,0.2
2016-05-03,1.81,0.17
2016-05-04,1.79,0.16
2016-05-05,1.76,0.13
2016-05-06,1.79,0.18
2016-05-09,1.77,0.18
2016-05-10,1.77,0.15
2016-05-11,1.73,0.14
2016-05-12,1.75,0.15
2016-05-13,1.71,0.13
2016-05-16,1.75,0.15
2016-05-17,1.76,0.15
2016-05-18,1.87,0.26
2016-05-19,1.85,0.29
2016-05-20,1.85,0.29
2016-05-23,1.84,0.3
2016-05-24,1.86,0.31
2016-05-25,1.87,0.29
2016-05-26,1.83,0.25
2016-05-27,1.85,0.27
2016-05-31,1.84,0.3
2016-06-01,1.85,0.31
2016-06-02,1.81,0.27
2016-06-03,1.71,0.19
2016-06-06,1.73,0.19
2016-06-07,1.72,0.15
2016-06-08,1.71,0.12
2016-06-09,1.68,0.12
2016-06-10,1.64,0.12
2016-06-13,1.62,0.15
2016-06-14,1.62,0.17
2016-06-15,1.6,0.13
2016-06-16,1.57,0.15
2016-06-17,1.62,0.2
2016-06-20,1.67,0.24
2016-06-21,1.71,0.28
2016-06-22,1.69,0.25
2016-06-23,1.74,0.24
2016-06-24,1.57,0.15
2016-06-27,1.46,0.12
2016-06-28,1.46,0.09
2016-06-29,1.5,0.1
2016-06-30,1.49,0.09
2016-07-01,1.46,0.03
2016-07-05,1.37,-0.03
2016-07-06,1.38,-0.05
2016-07-07,1.4,-0.03
2016-07-08,1.37,-0.06
2016-07-11,1.43,0.01
2016-07-12,1.53,0.07
2016-07-13,1.48,0.03
2016-07-14,1.53,0.08
2016-07-15,1.6,0.11
2016-07-18,1.59,0.1
2016-07-19,1.56,0.12
2016-07-20,1.59,0.13
2016-07-21,1.57,0.05
2016-07-22,1.57,0.06
2016-07-25,1.58,0.08
2016-07-26,1.57,0.07
2016-07-27,1.52,0.03
2016-07-28,1.52,0.0
2016-07-29,1.46,-0.03
2016-08-01,1.51,0.05
2016-08-02,1.55,0.11
2016-08-03,1.55,0.09
2016-08-04,1.51,0.04
2016-08-05,1.59,0.09
2016-08-08,1.59,0.08
2016-08-09,1.55,0.06
2016-08-10,1.5,0.06
2016-08-11,1.57,0.1
2016-08-12,1.51,0.07
2016-08-15,1.55,0.1
2016-08-16,1.57,0.13
2016-08-17,1.56,0.09
2016-08-18,1.53,0.06
2016-08-19,1.58,0.1
2016-08-22,1.55,0.08
2016-08-23,1.55,0.07
2016-08-24,1.56,0.08
2016-08-25,1.58,0.09
2016-08-26,1.62,0.15
2016-08-29,1.57,0.11
2016-08-30,1.57,0.11
2016-08-31,1.58,0.11
2016-09-01,1.57,0.12
2016-09-02,1.6,0.13
2016-09-06,1.55,0.06
2016-09-07,1.54,0.03
2016-09-08,1.61,0.09
2016-09-09,1.67,0.17
2016-09-12,1.68,0.17
2016-09-13,1.73,0.24
2016-09-14,1.7,0.21
2016-09-15,1.71,0.22
2016-09-16,1.7,0.19
2016-09-19,1.7,0.2
2016-09-20,1.69,0.2
2016-09-21,1.66,0.15
2016-09-22,1.63,0.08
2016-09-23,1.62,0.05
2016-09-26,1.59,0.05
2016-09-27,1.56,0.04
2016-09-28,1.57,0.01
2016-09-29,1.56,0.02
2016-09-30,1.6,0.0
2016-10-03,1.63,0.0
2016-10-04,1.69,0.07
2016-10-05,1.72,0.1
2016-10-06,1.75,0.11
2016-10-07,1.73,0.1
2016-10-11,1.77,0.13
2016-10-12,1.79,0.15
2016-10-13,1.75,0.12
2016-10-14,1.8,0.13
2016-10-17,1.77,0.09
2016-10-18,1.75,0.09
2016-10-19,1.76,0.08
2016-10-20,1.76,0.08
2016-10-21,1.74,0.07
2016-10-24,1.77,0.11
2016-10-25,1.77,0.07
2016-10-26,1.79,0.08
2016-10-27,1.85,0.13
2016-10-28,1.86,0.13
2016-10-31,1.84,0.11
2016-11-01,1.83,0.11
2016-11-02,1.81,0.11
2016-11-03,1.82,0.14
2016-11-04,1.79,0.11
2016-11-07,1.83,0.12
2016-11-08,1.88,0.15
2016-11-09,2.07,0.25
2016-11-10,2.15,0.27
2016-11-14,2.23,0.4
2016-11-15,2.23,0.41
2016-11-16,2.22,0.39
2016-11-17,2.29,0.42
2016-11-18,2.34,0.44
2016-11-21,2.33,0.42
2016-11-22,2.31,0.41
2016-11-23,2.36,0.44
2016-11-25,2.36,0.47
2016-11-28,2.32,0.47
2016-11-29,2.3,0.44
2016-11-30,2.37,0.43
2016-12-01,2.45,0.48
2016-12-02,2.4,0.49
2016-12-05,2.39,0.45
2016-12-06,2.39,0.44
2016-12-07,2.34,0.42
2016-12-08,2.4,0.45
2016-12-09,2.47,0.51
2016-12-12,2.49,0.51
2016-12-13,2.48,0.53
2016-12-14,2.54,0.6
2016-12-15,2.6,0.7
2016-12-16,2.6,0.74
2016-12-19,2.54,0.68
2016-12-20,2.57,0.67
2016-12-21,2.55,0.64
2016-12-22,2.55,0.6
2016-12-23,2.55,0.58
2016-12-27,2.57,0.58
2016-12-28,2.51,0.56
2016-12-29,2.49,0.55
2016-12-30,2.45,0.5
2017-01-03,2.45,0.47
2017-01-04,2.46,0.47
2017-01-05,2.37,0.42
2017-01-06,2.42,0.46
2017-01-09,2.38,0.43
2017-01-10,2.38,0.43
2017-01-11,2.38,0.39
2017-01-12,2.36,0.38
2017-01-13,2.4,0.41
2017-01-17,2.33,0.36
2017-01-18,2.42,0.42
2017-01-19,2.47,0.43
2017-01-20,2.48,0.44
2017-01-23,2.41,0.39
2017-01-24,2.47,0.41
2017-01-25,2.53,0.45
2017-01-26,2.51,0.43
2017-01-27,2.49,0.41
2017-01-30,2.49,0.42
2017-01-31,2.45,0.4
2017-02-01,2.48,0.43
2017-02-02,2.48,0.43
2017-02-03,2.49,0.44
2017-02-06,2.42,0.4
2017-02-07,2.4,0.4
2017-02-08,2.34,0.38
2017-02-09,2.4,0.41
2017-02-10,2.41,0.4
2017-02-13,2.43,0.43
2017-02-14,2.47,0.46
2017-02-15,2.51,0.45
2017-02-16,2.45,0.43
2017-02-17,2.42,0.41
2017-02-21,2.43,0.4
2017-02-22,2.42,0.38
2017-02-23,2.38,0.35
2017-02-24,2.31,0.31
2017-02-27,2.36,0.35
2017-02-28,2.36,0.34
2017-03-01,2.46,0.43
2017-03-02,2.49,0.48
2017-03-03,2.49,0.45
2017-03-06,2.49,0.48
2017-03-07,2.52,0.49
2017-03-08,2.57,0.56
2017-03-09,2.6,0.6
2017-03-10,2.58,0.57
2017-03-13,2.62,0.61
2017-03-14,2.6,0.61
2017-03-15,2.51,0.5
2017-03-16,2.53,0.51
2017-03-17,2.5,0.49
2017-03-20,2.47,0.47
2017-03-21,2.43,0.45
2017-03-22,2.4,0.43
2017-03-23,2.41,0.46
2017-03-24,2.4,0.42
2017-03-27,2.38,0.41
2017-03-28,2.42,0.45
2017-03-29,2.39,0.41
2017-03-30,2.42,0.46
2017-03-31,2.4,0.43
2017-04-03,2.35,0.39
2017-04-04,2.36,0.4
2017-04-05,2.34,0.37
2017-04-06,2.34,0.39
2017-04-07,2.38,0.44
2017-04-10,2.37,0.44
2017-04-11,2.32,0.41
2017-04-12,2.28,0.38
2017-04-13,2.24,0.32
2017-04-17,2.26,0.38
2017-04-18,2.18,0.33
2017-04-19,2.21,0.36
2017-04-20,2.24,0.39
2017-04-21,2.24,0.4
2017-04-24,2.28,0.41
2017-04-25,2.35,0.44
2017-04-26,2.32,0.42
2017-04-27,2.3,0.39
2017-04-28,2.29,0.37
2017-05-01,2.33,0.41
2017-05-02,2.29,0.41
2017-05-03,2.33,0.46
2017-05-04,2.36,0.5
2017-05-05,2.36,0.5
2017-05-08,2.39,0.53
2017-05-09,2.42,0.56
2017-05-10,2.41,0.56
2017-05-11,2.39,0.51
2017-05-12,2.33,0.49
2017-05-15,2.34,0.52
2017-05-16,2.33,0.51
2017-05-17,2.22,0.44
2017-05-18,2.23,0.43
2017-05-19,2.23,0.41
2017-05-22,2.25,0.43
2017-05-23,2.29,0.46
2017-05-24,2.26,0.45
2017-05-25,2.25,0.45
2017-05-26,2.25,0.44
2017-05-30,2.21,0.4
2017-05-31,2.21,0.4
2017-06-01,2.21,0.4
2017-06-02,2.15,0.36
2017-06-05,2.18,0.39
2017-06-06,2.14,0.37
2017-06-07,2.18,0.4
2017-06-08,2.19,0.41
2017-06-09,2.21,0.43
2017-06-12,2.21,0.46
2017-06-13,2.21,0.46
2017-06-14,2.15,0.44
2017-06-15,2.16,0.49
2017-06-16,2.16,0.49
2017-06-19,2.19,0.52
2017-06-20,2.16,0.5
2017-06-21,2.16,0.5
2017-06-22,2.15,0.46
2017-06-23,2.15,0.45
2017-06-26,2.14,0.43
2017-06-27,2.21,0.5
2017-06-28,2.22,0.49
2017-06-29,2.27,0.55
2017-06-30,2.31,0.58
2017-07-03,2.35,0.6
2017-07-05,2.33,0.58
2017-07-06,2.37,0.61
2017-07-07,2.39,0.66
2017-07-10,2.38,0.66
2017-07-11,2.37,0.62
2017-07-12,2.33,0.57
2017-07-13,2.35,0.58
2017-07-14,2.33,0.57
2017-07-17,2.31,0.54
2017-07-18,2.27,0.51
2017-07-19,2.27,0.51
2017-07-20,2.27,0.5
2017-07-21,2.24,0.48
2017-07-24,2.26,0.48
2017-07-25,2.33,0.52
2017-07-26,2.29,0.49
2017-07-27,2.32,0.49
2017-07-28,2.3,0.47
2017-07-31,2.3,0.48
2017-08-01,2.26,0.47
2017-08-02,2.27,0.48
2017-08-03,2.24,0.46
2017-08-04,2.27,0.47
2017-08-07,2.26,0.46
2017-08-08,2.29,0.46
2017-08-09,2.24,0.42
2017-08-10,2.2,0.4
2017-08-11,2.19,0.4
2017-08-14,2.22,0.45
2017-08-15,2.27,0.49
2017-08-16,2.23,0.45
2017-08-17,2.19,0.42
2017-08-18,2.19,0.43
2017-08-21,2.18,0.43
2017-08-22,2.22,0.45
2017-08-23,2.17,0.42
2017-08-24,2.19,0.44
2017-08-25,2.17,0.42
2017-08-28,2.16,0.41
2017-08-29,2.13,0.39
2017-08-30,2.15,0.39
2017-08-31,2.12,0.36
2017-09-01,2.16,0.37
2017-09-05,2.07,0.3
2017-09-06,2.1,0.32
2017-09-07,2.05,0.26
2017-09-08,2.06,0.25
2017-09-11,2.14,0.31
2017-09-12,2.17,0.33
2017-09-13,2.2,0.35
2017-09-14,2.2,0.35
2017-09-15,2.2,0.35
2017-09-18,2.23,0.36
2017-09-19,2.24,0.37
2017-09-20,2.28,0.43
2017-09-21,2.27,0.44
2017-09-22,2.26,0.42
2017-09-25,2.22,0.38
2017-09-26,2.24,0.4
2017-09-27,2.31,0.44
2017-09-28,2.31,0.44
2017-09-29,2.33,0.49
2017-10-02,2.34,0.51
2017-10-03,2.33,0.49
2017-10-04,2.33,0.48
2017-10-05,2.35,0.49
2017-10-06,2.37,0.5
2017-10-10,2.35,0.47
2017-10-11,2.35,0.46
2017-10-12,2.33,0.44
2017-10-13,2.28,0.43
2017-10-16,2.3,0.46
2017-10-17,2.3,0.48
2017-10-18,2.34,0.5
2017-10-19,2.33,0.49
2017-10-20,2.39,0.52
2017-10-23,2.38,0.52
2017-10-24,2.42,0.55
2017-10-25,2.44,0.56
2017-10-26,2.46,0.57
2017-10-27,2.42,0.54
2017-10-30,2.37,0.5
2017-10-31,2.38,0.5
2017-11-01,2.37,0.49
2017-11-02,2.35,0.48
2017-11-03,2.34,0.48
2017-11-06,2.32,0.46
2017-11-07,2.32,0.44
2017-11-08,2.32,0.45
2017-11-09,2.33,0.46
2017-11-10,2.4,0.52
2017-11-13,2.4,0.52
2017-11-14,2.38,0.51
2017-11-15,2.33,0.48
2017-11-16,2.37,0.53
2017-11-17,2.35,0.49
2017-11-20,2.37,0.52
2017-11-21,2.36,0.52
2017-11-22,2.32,0.48
2017-11-24,2.34,0.5
2017-11-27,2.32,0.49
2017-11-28,2.34,0.5
2017-11-29,2.37,0.53
2017-11-30,2.42,0.56
2017-12-01,2.37,0.51
2017-12-04,2.37,0.5
2017-12-05,2.36,0.5
2017-12-06,2.33,0.47
2017-12-07,2.37,0.5
2017-12-08,2.38,0.5
2017-12-11,2.39,0.51
2017-12-12,2.4,0.51
2017-12-13,2.36,0.48
2017-12-14,2.35,0.48
2017-12-15,2.35,0.47
2017-12-18,2.39,0.5
2017-12-19,2.46,0.55
2017-12-20,2.49,0.57
2017-12-21,2.48,0.55
2017-12-22,2.48,0.54
2017-12-26,2.47,0.53
2017-12-27,2.42,0.48
2017-12-28,2.43,0.47
2017-12-29,2.4,0.44
2018-01-02,2.46,0.46
2018-01-03,2.44,0.46
2018-01-04,2.46,0.45
2018-01-05,2.47,0.46
2018-01-08,2.49,0.47
2018-01-09,2.55,0.52
2018-01-10,2.55,0.52
2018-01-11,2.54,0.54
2018-01-12,2.55,0.54
2018-01-16,2.54,0.51
2018-01-17,2.57,0.53
2018-01-18,2.62,0.57
2018-01-19,2.64,0.58
2018-01-22,2.66,0.6
2018-01-23,2.63,0.57
2018-01-24,2.65,0.58
2018-01-25,2.63,0.56
2018-01-26,2.66,0.57
2018-01-29,2.7,0.61
2018-01-30,2.73,0.63
2018-01-31,2.72,0.61
2018-02-01,2.78,0.67
2018-02-02,2.84,0.7
2018-02-05,2.77,0.67
2018-02-06,2.79,0.69
2018-02-07,2.84,0.74
2018-02-08,2.85,0.76
2018-02-09,2.83,0.78
2018-02-12,2.86,0.79
2018-02-13,2.83,0.78
2018-02-14,2.91,0.82
2018-02-15,2.9,0.79
2018-02-16,2.87,0.78
2018-02-20,2.88,0.78
2018-02-21,2.94,0.82
2018-02-22,2.92,0.81
2018-02-23,2.88,0.76
2018-02-26,2.86,0.73
2018-02-27,2.9,0.77
2018-02-28,2.87,0.75
2018-03-01,2.81,0.71
2018-03-02,2.86,0.74
2018-03-05,2.88,0.75
2018-03-06,2.88,0.76
2018-03-07,2.89,0.76
2018-03-08,2.86,0.75
2018-03-09,2.9,0.78
2018-03-12,2.87,0.77
2018-03-13,2.84,0.75
2018-03-14,2.81,0.74
2018-03-15,2.82,0.74
2018-03-16,2.85,0.77
2018-03-19,2.85,0.77
2018-03-20,2.89,0.81
2018-03-21,2.89,0.8
2018-03-22,2.83,0.75
2018-03-23,2.82,0.75
2018-03-26,2.85,0.77
2018-03-27,2.78,0.71
2018-03-28,2.77,0.72
2018-03-29,2.74,0.69
2018-04-02,2.73,0.68
2018-04-03,2.79,0.71
2018-04-04,2.79,0.71
2018-04-05,2.83,0.75
2018-04-06,2.77,0.7
2018-04-09,2.78,0.71
2018-04-10,2.8,0.72
2018-04-11,2.79,0.68
2018-04-12,2.83,0.7
2018-04-13,2.82,0.69
2018-04-16,2.83,0.71
2018-04-17,2.82,0.68
2018-04-18,2.87,0.71
2018-04-19,2.92,0.75
2018-04-20,2.96,0.79
2018-04-23,2.98,0.8
2018-04-24,3.0,0.83
2018-04-25,3.03,0.86
2018-04-26,3.0,0.82
2018-04-27,2.96,0.79
2018-04-30,2.95,0.78
2018-05-01,2.97,0.81
2018-05-02,2.97,0.8
2018-05-03,2.94,0.78
2018-05-04,2.95,0.79
2018-05-07,2.95,0.78
2018-05-08,2.97,0.81
2018-05-09,3.0,0.82
2018-05-10,2.97,0.8
2018-05-11,2.97,0.82
2018-05-14,3.0,0.85
2018-05-15,3.08,0.9
2018-05-16,3.09,0.92
2018-05-17,3.11,0.95
2018-05-18,3.06,0.91
2018-05-21,3.06,0.9
2018-05-22,3.06,0.91
2018-05-23,3.01,0.87
2018-05-24,2.98,0.86
2018-05-25,2.93,0.84
2018-05-29,2.77,0.73
2018-05-30,2.84,0.78
2018-05-31,2.83,0.76
2018-06-01,2.89,0.8
2018-06-04,2.94,0.82
2018-06-05,2.92,0.79
2018-06-06,2.97,0.83
2018-06-07,2.93,0.8
2018-06-08,2.93,0.82
2018-06-11,2.96,0.83
2018-06-12,2.96,0.83
2018-06-13,2.98,0.86
2018-06-14,2.94,0.82
2018-06-15,2.93,0.81
2018-06-18,2.92,0.8
2018-06-19,2.89,0.77
2018-06-20,2.93,0.81
2018-06-21,2.9,0.79
2018-06-22,2.9,0.78
2018-06-25,2.87,0.77
2018-06-26,2.88,0.76
2018-06-27,2.83,0.72
2018-06-28,2.84,0.74
2018-06-29,2.85,0.74
2018-07-02,2.87,0.73
2018-07-03,2.83,0.71
2018-07-05,2.84,0.71
2018-07-06,2.82,0.7
2018-07-09,2.86,0.73
2018-07-10,2.87,0.74
2018-07-11,2.85,0.74
2018-07-12,2.85,0.75
2018-07-13,2.83,0.72
2018-07-16,2.85,0.75
2018-07-17,2.86,0.77
2018-07-18,2.88,0.79
2018-07-19,2.84,0.75
2018-07-20,2.89,0.78
2018-07-23,2.96,0.85
2018-07-24,2.95,0.84
2018-07-25,2.94,0.81
2018-07-26,2.98,0.87
2018-07-27,2.96,0.84
2018-07-30,2.98,0.85
2018-07-31,2.96,0.84
2018-08-01,3.0,0.87
2018-08-02,2.98,0.86
2018-08-03,2.95,0.83
2018-08-06,2.94,0.83
2018-08-07,2.98,0.85
2018-08-08,2.96,0.85
2018-08-09,2.93,0.82
2018-08-10,2.87,0.78
2018-08-13,2.88,0.78
2018-08-14,2.89,0.8
2018-08-15,2.86,0.78
2018-08-16,2.87,0.79
2018-08-17,2.87,0.79
2018-08-20,2.82,0.75
2018-08-21,2.85,0.77
2018-08-22,2.82,0.74
2018-08-23,2.82,0.73
2018-08-24,2.82,0.73
2018-08-27,2.85,0.74
2018-08-28,2.88,0.77
2018-08-29,2.89,0.77
2018-08-30,2.86,0.76
2018-08-31,2.86,0.78
2018-09-04,2.9,0.8
2018-09-05,2.9,0.81
2018-09-06,2.88,0.8
2018-09-07,2.94,0.84
2018-09-10,2.94,0.84
2018-09-11,2.98,0.86
2018-09-12,2.97,0.85
2018-09-13,2.97,0.87
2018-09-14,2.99,0.89
2018-09-17,2.99,0.89
2018-09-18,3.05,0.92
2018-09-19,3.08,0.93
2018-09-20,3.07,0.92
2018-09-21,3.07,0.92
2018-09-24,3.08,0.92
2018-09-25,3.1,0.94
2018-09-26,3.06,0.92
2018-09-27,3.06,0.91
2018-09-28,3.05,0.91
2018-10-01,3.09,0.95
2018-10-02,3.05,0.93
2018-10-03,3.15,0.99
2018-10-04,3.19,1.03
2018-10-05,3.23,1.07
2018-10-09,3.21,1.04
2018-10-10,3.22,1.06
2018-10-11,3.14,1.02
2018-10-12,3.15,1.03
2018-10-15,3.16,1.03
2018-10-16,3.16,1.03
2018-10-17,3.19,1.06
2018-10-18,3.17,1.07
2018-10-19,3.2,1.09
2018-10-22,3.2,1.09
2018-10-23,3.17,1.08
2018-10-24,3.1,1.03
2018-10-25,3.14,1.09
2018-10-26,3.08,1.02
2018-10-29,3.08,1.02
2018-10-30,3.12,1.07
2018-10-31,3.15,1.1
2018-11-01,3.14,1.12
2018-11-02,3.22,1.16
2018-11-05,3.2,1.14
2018-11-06,3.22,1.15
2018-11-07,3.22,1.15
2018-11-08,3.24,1.17
2018-11-09,3.19,1.15
2018-11-13,3.14,1.12
2018-11-14,3.12,1.12
2018-11-15,3.11,1.11
2018-11-16,3.08,1.06
2018-11-19,3.06,1.07
2018-11-20,3.06,1.09
2018-11-21,3.06,1.09
2018-11-23,3.05,1.09
2018-11-26,3.07,1.11
2018-11-27,3.06,1.15
2018-11-28,3.06,1.12
2018-11-29,3.03,1.05
2018-11-30,3.01,1.04
2018-12-03,2.98,1.02
2018-12-04,2.91,0.97
2018-12-06,2.87,0.97
2018-12-07,2.85,0.96
2018-12-10,2.85,0.99
2018-12-11,2.89,1.06
2018-12-12,2.91,1.08
2018-12-13,2.91,1.08
2018-12-14,2.89,1.07
2018-12-17,2.86,1.05
2018-12-18,2.82,1.01
2018-12-19,2.77,0.97
2018-12-20,2.79,1.03
2018-12-21,2.79,1.02
2018-12-24,2.74,0.99
2018-12-26,2.81,1.04
2018-12-27,2.77,1.03
2018-12-28,2.72,0.99
2018-12-31,2.69,0.98
2019-01-02,2.66,0.96
2019-01-03,2.56,0.88
2019-01-04,2.67,0.91
2019-01-07,2.7,0.92
2019-01-08,2.73,0.91
2019-01-09,2.74,0.91
2019-01-10,2.74,0.93
2019-01-11,2.71,0.88
2019-01-14,2.71,0.9
2019-01-15,2.72,0.91
2019-01-16,2.73,0.91
2019-01-17,2.75,0.96
2019-01-18,2.79,0.96
2019-01-22,2.74,0.95
2019-01-23,2.76,0.96
2019-01-24,2.72,0.95
2019-01-25,2.76,0.97
2019-01-28,2.75,0.97
2019-01-29,2.72,0.94
2019-01-30,2.7,0.86
2019-01-31,2.63,0.78
2019-02-01,2.7,0.82
2019-02-04,2.73,0.86
2019-02-05,2.71,0.84
2019-02-06,2.7,0.84
2019-02-07,2.65,0.81
2019-02-08,2.63,0.81
2019-02-11,2.65,0.83
2019-02-12,2.68,0.85
2019-02-13,2.71,0.85
2019-02-14,2.66,0.81
2019-02-15,2.66,0.8
2019-02-19,2.65,0.78
2019-02-20,2.65,0.76
2019-02-21,2.69,0.78
2019-02-22,2.65,0.74
2019-02-25,2.67,0.75
2019-02-26,2.64,0.72
2019-02-27,2.69,0.76
2019-02-28,2.73,0.78
2019-03-01,2.76,0.8
2019-03-04,2.72,0.78
2019-03-05,2.72,0.79
2019-03-06,2.69,0.78
2019-03-07,2.64,0.74
2019-03-08,2.62,0.72
2019-03-11,2.64,0.73
2019-03-12,2.61,0.71
2019-03-13,2.61,0.69
2019-03-14,2.63,0.69
2019-03-15,2.59,0.65
2019-03-18,2.6,0.64
2019-03-19,2.61,0.66
2019-03-20,2.54,0.58
2019-03-21,2.54,0.58
2019-03-22,2.44,0.54
2019-03-25,2.43,0.55
2019-03-26,2.41,0.55
2019-03-27,2.39,0.55
2019-03-28,2.39,0.56
2019-03-29,2.41,0.53
2019-04-01,2.49,0.59
2019-04-02,2.48,0.58
2019-04-03,2.52,0.61
2019-04-04,2.51,0.61
2019-04-05,2.5,0.6
2019-04-08,2.52,0.61
2019-04-09,2.51,0.6
2019-04-10,2.48,0.54
2019-04-11,2.51,0.57
2019-04-12,2.56,0.61
2019-04-15,2.55,0.61
2019-04-16,2.6,0.64
2019-04-17,2.59,0.65
2019-04-18,2.57,0.62
2019-04-22,2.59,0.64
2019-04-23,2.57,0.62
2019-04-24,2.53,0.57
2019-04-25,2.54,0.56
2019-04-26,2.51,0.54
2019-04-29,2.54,0.58
2019-04-30,2.51,0.56
2019-05-01,2.52,0.59
2019-05-02,2.55,0.66
2019-05-03,2.54,0.63
2019-05-06,2.51,0.6
2019-05-07,2.45,0.58
2019-05-08,2.49,0.62
2019-05-09,2.45,0.6
2019-05-10,2.47,0.59
2019-05-13,2.4,0.55
2019-05-14,2.42,0.56
2019-05-15,2.37,0.54
2019-05-16,2.4,0.56
2019-05-17,2.39,0.58
2019-05-20,2.41,0.6
2019-05-21,2.43,0.6
2019-05-22,2.39,0.6
2019-05-23,2.31,0.58
2019-05-24,2.32,0.56
2019-05-28,2.26,0.53
2019-05-29,2.25,0.5
2019-05-30,2.22,0.48
2019-05-31,2.14,0.4
2019-06-03,2.07,0.34
2019-06-04,2.12,0.38
2019-06-05,2.12,0.37
2019-06-06,2.12,0.39
2019-06-07,2.09,0.35
2019-06-10,2.15,0.42
2019-06-11,2.15,0.43
2019-06-12,2.13,0.42
2019-06-13,2.1,0.42
2019-06-14,2.09,0.46
2019-06-17,2.09,0.48
2019-06-18,2.06,0.42
2019-06-19,2.03,0.36
2019-06-20,2.01,0.27
2019-06-21,2.07,0.34
2019-06-24,2.02,0.31
2019-06-25,2.0,0.33
2019-06-26,2.05,0.35
2019-06-27,2.01,0.33
2019-06-28,2.0,0.31
2019-07-01,2.03,0.34
2019-07-02,1.98,0.33
2019-07-03,1.96,0.31
2019-07-05,2.04,0.35
2019-07-08,2.05,0.35
2019-07-09,2.07,0.36
2019-07-10,2.07,0.33
2019-07-11,2.13,0.36
2019-07-12,2.12,0.35
2019-07-15,2.09,0.32
2019-07-16,2.13,0.33
2019-07-17,2.06,0.31
2019-07-18,2.04,0.25
2019-07-19,2.05,0.25
2019-07-22,2.05,0.26
2019-07-23,2.08,0.27
2019-07-24,2.05,0.26
2019-07-25,2.08,0.28
2019-07-26,2.08,0.3
2019-07-29,2.06,0.29
2019-07-30,2.06,0.28
2019-07-31,2.02,0.26
2019-08-01,1.9,0.2
2019-08-02,1.86,0.2
2019-08-05,1.75,0.15
2019-08-06,1.73,0.11
2019-08-07,1.71,0.09
2019-08-08,1.72,0.07
2019-08-09,1.74,0.08
2019-08-12,1.65,0.04
2019-08-13,1.68,0.05
2019-08-14,1.59,0.02
2019-08-15,1.52,-0.02
2019-08-16,1.55,0.01
2019-08-19,1.6,0.04
2019-08-20,1.55,0.02
2019-08-21,1.59,0.05
2019-08-22,1.62,0.07
2019-08-23,1.52,-0.02
2019-08-26,1.54,0.0
2019-08-27,1.49,-0.06
2019-08-28,1.47,-0.08
2019-08-29,1.5,-0.09
2019-08-30,1.5,-0.05
2019-09-03,1.47,-0.03
2019-09-04,1.47,-0.04
2019-09-05,1.57,0.01
2019-09-06,1.55,0.01
2019-09-09,1.63,0.06
2019-09-10,1.72,0.12
2019-09-11,1.75,0.15
2019-09-12,1.79,0.16
2019-09-13,1.9,0.23
2019-09-16,1.84,0.17
2019-09-17,1.81,0.15
2019-09-18,1.8,0.21
2019-09-19,1.79,0.18
2019-09-20,1.74,0.13
2019-09-23,1.72,0.11
2019-09-24,1.64,0.06
2019-09-25,1.73,0.13
2019-09-26,1.7,0.13
2019-09-27,1.69,0.16
2019-09-30,1.68,0.15
2019-10-01,1.65,0.13
2019-10-02,1.6,0.1
2019-10-03,1.54,0.06
2019-10-04,1.52,0.02
2019-10-07,1.56,0.05
2019-10-08,1.54,0.06
2019-10-09,1.59,0.1
2019-10-10,1.67,0.15
2019-10-11,1.76,0.2
2019-10-15,1.77,0.21
2019-10-16,1.75,0.18
2019-10-17,1.76,0.17
2019-10-18,1.76,0.16
2019-10-21,1.8,0.19
2019-10-22,1.78,0.17
2019-10-23,1.77,0.16
2019-10-24,1.77,0.15
2019-10-25,1.8,0.15
2019-10-28,1.85,0.21
2019-10-29,1.84,0.23
2019-10-30,1.78,0.21
2019-10-31,1.69,0.15
2019-11-01,1.73,0.14
2019-11-04,1.79,0.15
2019-11-05,1.86,0.18
2019-11-06,1.81,0.15
2019-11-07,1.92,0.23
2019-11-08,1.94,0.23
2019-11-12,1.92,0.22
2019-11-13,1.88,0.22
2019-11-14,1.82,0.2
2019-11-15,1.84,0.21
2019-11-18,1.81,0.18
2019-11-19,1.79,0.16
2019-11-20,1.73,0.13
2019-11-21,1.77,0.14
2019-11-22,1.77,0.15
2019-11-25,1.76,0.14
2019-11-26,1.74,0.12
2019-11-27,1.77,0.14
2019-11-29,1.78,0.17
2019-12-02,1.83,0.18
2019-12-03,1.72,0.09
2019-12-04,1.77,0.11
2019-12-05,1.8,0.13
2019-12-06,1.84,0.15
2019-12-09,1.83,0.14
2019-12-10,1.85,0.14
2019-12-11,1.79,0.1
2019-12-12,1.9,0.18
2019-12-13,1.82,0.12
2019-12-16,1.89,0.16
2019-12-17,1.89,0.14
2019-12-18,1.92,0.16
2019-12-19,1.92,0.15
2019-12-20,1.92,0.15
2019-12-23,1.93,0.18
2019-12-24,1.9,0.15
2019-12-26,1.9,0.16
2019-12-27,1.88,0.15
2019-12-30,1.9,0.15
2019-12-31,1.92,0.15
2020-01-02,1.88,0.08
2020-01-03,1.8,0.03
2020-01-06,1.81,0.06
2020-01-07,1.83,0.09
2020-01-08,1.87,0.12
2020-01-09,1.85,0.11
2020-01-10,1.83,0.07
2020-01-13,1.85,0.08
2020-01-14,1.82,0.05
2020-01-15,1.79,0.04
2020-01-16,1.81,0.07
2020-01-17,1.84,0.09
2020-01-21,1.78,0.04
2020-01-22,1.77,0.05
2020-01-23,1.74,0.04
2020-01-24,1.7,0.02
2020-01-27,1.61,-0.02
2020-01-28,1.65,0.0
2020-01-29,1.6,-0.04
2020-01-30,1.57,-0.07
2020-01-31,1.51,-0.14
2020-02-03,1.54,-0.09
2020-02-04,1.61,-0.03
2020-02-05,1.66,0.0
2020-02-06,1.65,-0.02
2020-02-07,1.59,-0.07
2020-02-10,1.56,-0.1
2020-02-11,1.59,-0.06
2020-02-12,1.62,-0.04
2020-02-13,1.61,-0.06
2020-02-14,1.59,-0.07
2020-02-18,1.55,-0.1
2020-02-19,1.56,-0.09
2020-02-20,1.52,-0.11
2020-02-21,1.46,-0.15
2020-02-24,1.38,-0.21
2020-02-25,1.33,-0.2
2020-02-26,1.33,-0.21
2020-02-27,1.3,-0.23
2020-02-28,1.13,-0.28
2020-03-02,1.1,-0.31
2020-03-03,1.02,-0.43
2020-03-04,1.02,-0.44
2020-03-05,0.92,-0.48
2020-03-06,0.74,-0.57
2020-03-09,0.54,-0.45
2020-03-10,0.76,-0.24
2020-03-11,0.82,-0.14
2020-03-12,0.88,-0.04
2020-03-13,0.94,0.04
2020-03-16,0.73,0.0
2020-03-17,1.02,0.39
2020-03-18,1.18,0.55
2020-03-19,1.12,0.62
2020-03-20,0.92,0.17
2020-03-23,0.76,-0.04
2020-03-24,0.84,-0.13
2020-03-25,0.88,-0.19
2020-03-26,0.83,-0.24
2020-03-27,0.72,-0.22
2020-03-30,0.7,-0.25
2020-03-31,0.7,-0.17
2020-04-01,0.62,-0.29
2020-04-02,0.63,-0.4
2020-04-03,0.62,-0.46
2020-04-06,0.67,-0.47
2020-04-07,0.75,-0.42
2020-04-08,0.77,-0.42
2020-04-09,0.73,-0.5
2020-04-13,0.76,-0.5
2020-04-14,0.76,-0.53
2020-04-15,0.63,-0.56
2020-04-16,0.61,-0.42
2020-04-17,0.65,-0.36
2020-04-20,0.63,-0.31
2020-04-21,0.58,-0.38
2020-04-22,0.63,-0.43
2020-04-23,0.61,-0.44
2020-04-24,0.6,-0.51
2020-04-27,0.67,-0.5
2020-04-28,0.62,-0.52
2020-04-29,0.63,-0.51
2020-04-30,0.64,-0.43
2020-05-01,0.64,-0.42
2020-05-04,0.64,-0.43
2020-05-05,0.66,-0.44
2020-05-06,0.72,-0.38
2020-05-07,0.63,-0.45
2020-05-08,0.69,-0.43
2020-05-11,0.73,-0.4
2020-05-12,0.69,-0.4
2020-05-13,0.64,-0.43
2020-05-14,0.63,-0.43
2020-05-15,0.64,-0.45
2020-05-18,0.73,-0.44
2020-05-19,0.7,-0.45
2020-05-20,0.68,-0.48
2020-05-21,0.68,-0.46
2020-05-22,0.66,-0.46
2020-05-26,0.69,-0.44
2020-05-27,0.68,-0.46
2020-05-28,0.7,-0.48
2020-05-29,0.65,-0.5
2020-06-01,0.66,-0.52
2020-06-02,0.68,-0.5
2020-06-03,0.77,-0.44
2020-06-04,0.82,-0.4
2020-06-05,0.91,-0.36
2020-06-08,0.88,-0.4
2020-06-09,0.84,-0.42
2020-06-10,0.75,-0.52
2020-06-11,0.66,-0.55
2020-06-12,0.71,-0.5
2020-06-15,0.71,-0.52
2020-06-16,0.75,-0.52
2020-06-17,0.74,-0.52
2020-06-18,0.71,-0.57
2020-06-19,0.7,-0.6
2020-06-22,0.71,-0.63
2020-06-23,0.72,-0.66
2020-06-24,0.69,-0.64
2020-06-25,0.68,-0.65
2020-06-26,0.64,-0.68
2020-06-29,0.64,-0.7
2020-06-30,0.66,-0.68
2020-07-01,0.69,-0.68
2020-07-02,0.68,-0.73
2020-07-06,0.69,-0.76
2020-07-07,0.65,-0.78
2020-07-08,0.67,-0.75
2020-07-09,0.62,-0.77
2020-07-10,0.65,-0.76
2020-07-13,0.64,-0.78
2020-07-14,0.63,-0.78
2020-07-15,0.64,-0.77
2020-07-16,0.62,-0.79
2020-07-17,0.64,-0.82
2020-07-20,0.62,-0.84
2020-07-21,0.61,-0.87
2020-07-22,0.6,-0.88
2020-07-23,0.59,-0.9
2020-07-24,0.59,-0.92
2020-07-27,0.62,-0.9
2020-07-28,0.59,-0.92
2020-07-29,0.58,-0.95
2020-07-30,0.55,-0.97
2020-07-31,0.55,-1.0
2020-08-03,0.56,-1.02
2020-08-04,0.52,-1.05
2020-08-05,0.55,-1.06
2020-08-06,0.55,-1.08
2020-08-07,0.57,-1.04
2020-08-10,0.59,-1.02
2020-08-11,0.64,-0.99
2020-08-12,0.69,-0.98
2020-08-13,0.71,-0.96
2020-08-14,0.71,-0.94
2020-08-17,0.69,-0.97
2020-08-18,0.67,-1.01
2020-08-19,0.68,-0.99
2020-08-20,0.65,-0.97
2020-08-21,0.64,-1.0
2020-08-24,0.65,-1.02
2020-08-25,0.69,-1.01
2020-08-26,0.69,-1.03
2020-08-27,0.74,-0.99
2020-08-28,0.74,-1.03
2020-08-31,0.72,-1.08
2020-09-01,0.68,-1.08
2020-09-02,0.66,-1.07
2020-09-03,0.63,-1.02
2020-09-04,0.72,-0.98
2020-09-08,0.69,-0.99
2020-09-09,0.71,-1.0
2020-09-10,0.68,-1.01
2020-09-11,0.67,-0.98
2020-09-14,0.68,-0.97
2020-09-15,0.68,-0.99
2020-09-16,0.69,-0.99
2020-09-17,0.69,-0.97
2020-09-18,0.7,-0.97
2020-09-21,0.68,-0.94
2020-09-22,0.68,-0.94
2020-09-23,0.68,-0.92
2020-09-24,0.67,-0.91
2020-09-25,0.66,-0.92
2020-09-28,0.67,-0.94
2020-09-29,0.66,-0.98
2020-09-30,0.69,-0.94
2020-10-01,0.68,-0.95
2020-10-02,0.7,-0.94
2020-10-05,0.78,-0.9
2020-10-06,0.76,-0.9
2020-10-07,0.81,-0.9
2020-10-08,0.78,-0.94
2020-10-09,0.79,-0.94
2020-10-13,0.74,-0.96
2020-10-14,0.73,-0.96
2020-10-15,0.74,-0.95
2020-10-16,0.76,-0.95
2020-10-19,0.78,-0.93
2020-10-20,0.81,-0.91
2020-10-21,0.83,-0.91
2020-10-22,0.87,-0.89
2020-10-23,0.85,-0.9
2020-10-26,0.81,-0.91
2020-10-27,0.79,-0.92
2020-10-28,0.79,-0.91
2020-10-29,0.85,-0.86
2020-10-30,0.88,-0.82
2020-11-02,0.87,-0.84
2020-11-03,0.9,-0.82
2020-11-04,0.78,-0.86
2020-11-05,0.79,-0.87
2020-11-06,0.83,-0.82
2020-11-09,0.96,-0.77
2020-11-10,0.98,-0.78
2020-11-12,0.88,-0.83
2020-11-13,0.89,-0.83
2020-11-16,0.91,-0.81
2020-11-17,0.87,-0.83
2020-11-18,0.88,-0.82
2020-11-19,0.86,-0.84
2020-11-20,0.83,-0.86
2020-11-23,0.86,-0.85
2020-11-24,0.88,-0.86
2020-11-25,0.88,-0.87
2020-11-27,0.84,-0.91
2020-11-30,0.84,-0.93
2020-12-01,0.92,-0.89
2020-12-02,0.95,-0.9
2020-12-03,0.92,-0.94
2020-12-04,0.97,-0.92
2020-12-07,0.94,-0.94
2020-12-08,0.92,-0.97
2020-12-09,0.95,-0.96
2020-12-10,0.92,-0.96
2020-12-11,0.9,-0.97
2020-12-14,0.9,-0.98
2020-12-15,0.92,-0.99
2020-12-16,0.92,-1.0
2020-12-17,0.94,-1.0
2020-12-18,0.95,-1.0
2020-12-21,0.95,-1.0
2020-12-22,0.93,-1.01
2020-12-23,0.96,-1.01
2020-12-24,0.94,-1.03
2020-12-28,0.94,-1.03
2020-12-29,0.94,-1.02
2020-12-30,0.93,-1.03
2020-12-31,0.93,-1.06
2021-01-04,0.93,-1.08
2021-01-05,0.96,-1.07
2021-01-06,1.04,-1.02
2021-01-07,1.08,-1.01
2021-01-08,1.13,-0.93
2021-01-11,1.15,-0.91
2021-01-12,1.15,-0.93
2021-01-13,1.1,-0.96
2021-01-14,1.15,-0.94
2021-01-15,1.11,-0.99
2021-01-19,1.1,-1.0
2021-01-20,1.1,-1.02
2021-01-21,1.12,-0.98
2021-01-22,1.1,-0.99
2021-01-25,1.05,-1.03
2021-01-26,1.05,-1.03
2021-01-27,1.04,-1.04
2021-01-28,1.07,-1.06
2021-01-29,1.11,-1.02
2021-02-01,1.09,-1.02
2021-02-02,1.12,-1.03
2021-02-03,1.15,-1.04
2021-02-04,1.15,-1.02
2021-02-05,1.19,-1.02
2021-02-08,1.19,-1.03
2021-02-09,1.18,-1.04
2021-02-10,1.15,-1.06
2021-02-11,1.16,-1.04
2021-02-12,1.2,-1.01
2021-02-16,1.3,-0.94
2021-02-17,1.29,-0.92
2021-02-18,1.29,-0.87
2021-02-19,1.34,-0.8
2021-02-22,1.37,-0.79
2021-02-23,1.37,-0.79
2021-02-24,1.38,-0.79
2021-02-25,1.54,-0.6
2021-02-26,1.44,-0.71
2021-03-01,1.45,-0.71
2021-03-02,1.42,-0.78
2021-03-03,1.47,-0.74
2021-03-04,1.54,-0.66
2021-03-05,1.56,-0.66
2021-03-08,1.59,-0.62
2021-03-09,1.55,-0.66
2021-03-10,1.53,-0.73
2021-03-11,1.54,-0.74
2021-03-12,1.64,-0.62
2021-03-15,1.62,-0.65
2021-03-16,1.62,-0.68
2021-03-17,1.63,-0.67
2021-03-18,1.71,-0.56
2021-03-19,1.74,-0.57
2021-03-22,1.69,-0.64
2021-03-23,1.63,-0.66
2021-03-24,1.62,-0.69
2021-03-25,1.63,-0.69
2021-03-26,1.67,-0.67
2021-03-29,1.73,-0.63
2021-03-30,1.73,-0.62
2021-03-31,1.74,-0.63
2021-04-01,1.69,-0.66
2021-04-02,1.72,-0.64
2021-04-05,1.73,-0.62
2021-04-06,1.67,-0.65
2021-04-07,1.68,-0.66
2021-04-08,1.64,-0.69
2021-04-09,1.67,-0.64
2021-04-12,1.69,-0.64
2021-04-13,1.64,-0.69
2021-04-14,1.64,-0.69
2021-04-15,1.56,-0.77
2021-04-16,1.59,-0.77
2021-04-19,1.61,-0.73
2021-04-20,1.58,-0.74
2021-04-21,1.57,-0.76
2021-04-22,1.57,-0.76
2021-04-23,1.58,-0.76
2021-04-26,1.58,-0.78
2021-04-27,1.63,-0.76
2021-04-28,1.63,-0.78
2021-04-29,1.65,-0.77
2021-04-30,1.65,-0.76
2021-05-03,1.63,-0.79
2021-05-04,1.61,-0.81
2021-05-05,1.59,-0.88
2021-05-06,1.58,-0.87
2021-05-07,1.6,-0.89
2021-05-10,1.63,-0.91
2021-05-11,1.64,-0.89
2021-05-12,1.69,-0.85
2021-05-13,1.66,-0.85
2021-05-14,1.63,-0.88
2021-05-17,1.64,-0.9
2021-05-18,1.64,-0.88
2021-05-19,1.68,-0.8
2021-05-20,1.63,-0.78
2021-05-21,1.63,-0.8
2021-05-24,1.61,-0.83
2021-05-25,1.56,-0.86
2021-05-26,1.58,-0.82
2021-05-27,1.61,-0.81
2021-05-28,1.58,-0.84
2021-06-01,1.62,-0.84
2021-06-02,1.59,-0.85
2021-06-03,1.63,-0.79
2021-06-04,1.56,-0.84
2021-06-07,1.57,-0.82
2021-06-08,1.53,-0.83
2021-06-09,1.5,-0.82
2021-06-10,1.45,-0.9
2021-06-11,1.47,-0.85
2021-06-14,1.51,-0.85
2021-06-15,1.51,-0.87
2021-06-16,1.57,-0.75
2021-06-17,1.52,-0.75
2021-06-18,1.45,-0.79
2021-06-21,1.5,-0.75
2021-06-22,1.48,-0.83
2021-06-23,1.5,-0.84
2021-06-24,1.49,-0.81
2021-06-25,1.54,-0.8
2021-06-28,1.49,-0.84
2021-06-29,1.49,-0.83
2021-06-30,1.45,-0.87
2021-07-01,1.48,-0.87
2021-07-02,1.44,-0.89
2021-07-06,1.37,-0.94
2021-07-07,1.33,-0.95
2021-07-08,1.3,-0.92
2021-07-09,1.37,-0.91
2021-07-12,1.38,-0.95
2021-07-13,1.42,-0.94
2021-07-14,1.37,-0.97
2021-07-15,1.31,-1.01
2021-07-16,1.31,-1.02
2021-07-19,1.19,-1.05
2021-07-20,1.23,-1.03
2021-07-21,1.3,-0.98
2021-07-22,1.27,-1.01
2021-07-23,1.3,-1.05
2021-07-26,1.29,-1.11
2021-07-27,1.25,-1.13
2021-07-28,1.26,-1.15
2021-07-29,1.28,-1.15
2021-07-30,1.24,-1.16
2021-08-02,1.2,-1.17
2021-08-03,1.19,-1.19
2021-08-04,1.19,-1.16
2021-08-05,1.23,-1.1
2021-08-06,1.31,-1.06
2021-08-09,1.33,-1.04
2021-08-10,1.36,-1.04
2021-08-11,1.35,-1.07
2021-08-12,1.36,-1.05
2021-08-13,1.29,-1.08
2021-08-16,1.26,-1.1
2021-08-17,1.26,-1.07
2021-08-18,1.27,-1.05
2021-08-19,1.24,-1.04
2021-08-20,1.26,-1.01
2021-08-23,1.25,-1.02
2021-08-24,1.29,-1.01
2021-08-25,1.35,-1.0
2021-08-26,1.34,-0.99
2021-08-27,1.31,-1.08
2021-08-30,1.29,-1.08
2021-08-31,1.3,-1.03
2021-09-01,1.31,-1.03
2021-09-02,1.29,-1.03
2021-09-03,1.33,-1.01
2021-09-07,1.38,-0.98
2021-09-08,1.35,-1.03
2021-09-09,1.3,-1.08
2021-09-10,1.35,-1.05
2021-09-13,1.33,-1.04
2021-09-14,1.28,-1.05
2021-09-15,1.31,-1.04
2021-09-16,1.34,-1.01
2021-09-17,1.37,-0.96
2021-09-20,1.31,-0.98
2021-09-21,1.33,-0.96
2021-09-22,1.32,-0.96
2021-09-23,1.41,-0.9
2021-09-24,1.47,-0.87
2021-09-27,1.48,-0.87
2021-09-28,1.54,-0.84
2021-09-29,1.55,-0.82
2021-09-30,1.52,-0.85
2021-10-01,1.48,-0.9
2021-10-04,1.49,-0.89
2021-10-05,1.54,-0.91
2021-10-06,1.53,-0.9
2021-10-07,1.58,-0.88
2021-10-08,1.61,-0.89
2021-10-12,1.59,-0.9
2021-10-13,1.56,-0.96
2021-10-14,1.52,-1.0
2021-10-15,1.59,-0.97
2021-10-18,1.59,-0.95
2021-10-19,1.65,-0.89
2021-10-20,1.65,-0.92
2021-10-21,1.68,-0.96
2021-10-22,1.66,-0.98
2021-10-25,1.64,-1.02
2021-10-26,1.63,-1.06
2021-10-27,1.54,-1.11
2021-10-28,1.57,-1.0
2021-10-29,1.55,-0.96
2021-11-01,1.58,-0.92
2021-11-02,1.56,-0.95
2021-11-03,1.6,-0.93
2021-11-04,1.53,-1.03
2021-11-05,1.45,-1.09
2021-11-08,1.51,-1.11
2021-11-09,1.46,-1.17
2021-11-10,1.56,-1.14
2021-11-12,1.58,-1.15
2021-11-15,1.63,-1.13
2021-11-16,1.63,-1.1
2021-11-17,1.6,-1.1
2021-11-18,1.59,-1.14
2021-11-19,1.54,-1.11
2021-11-22,1.63,-0.98
2021-11-23,1.67,-0.95
2021-11-24,1.64,-0.97
2021-11-26,1.48,-1.07
2021-11-29,1.52,-1.02
2021-11-30,1.43,-1.07
2021-12-01,1.43,-1.01
2021-12-02,1.44,-1.03
2021-12-03,1.35,-1.08
2021-12-06,1.43,-1.01
2021-12-07,1.48,-0.99
2021-12-08,1.52,-1.0
2021-12-09,1.49,-0.98
2021-12-10,1.48,-0.96
2021-12-13,1.42,-0.98
2021-12-14,1.44,-0.93
2021-12-15,1.47,-0.92
2021-12-16,1.44,-0.98
2021-12-17,1.41,-0.97
2021-12-20,1.43,-0.96
2021-12-21,1.48,-0.96
2021-12-22,1.46,-1.01
2021-12-23,1.5,-0.97
2021-12-27,1.48,-1.02
2021-12-28,1.49,-1.01
2021-12-29,1.55,-0.98
2021-12-30,1.52,-1.06
2021-12-31,1.52,-1.04
2022-01-03,1.63,-0.97
2022-01-04,1.66,-0.91
2022-01-05,1.71,-0.82
2022-01-06,1.73,-0.73
2022-01-07,1.76,-0.72
2022-01-10,1.78,-0.7
2022-01-11,1.75,-0.79
2022-01-12,1.74,-0.74
2022-01-13,1.7,-0.73
2022-01-14,1.78,-0.66
2022-01-18,1.87,-0.59
