DATE,TIPS 5-Year,TIPS 10-Year,TIPS 20-Year,TIPS 30-Year
2016-01-20,0.34,0.69,1.07,1.29
2016-01-21,0.36,0.74,1.11,1.31
2016-01-22,0.34,0.72,1.1,1.29
2016-01-25,0.32,0.69,1.07,1.27
2016-01-26,0.28,0.65,1.03,1.25
2016-01-27,0.25,0.62,1.01,1.23
2016-01-28,0.2,0.58,0.99,1.21
2016-01-29,0.14,0.53,0.95,1.17
2016-02-01,0.18,0.57,0.97,1.19
2016-02-02,0.14,0.51,0.91,1.12
2016-02-03,0.11,0.5,0.9,1.1
2016-02-04,0.12,0.51,0.91,1.11
2016-02-05,0.18,0.53,0.91,1.13
2016-02-08,0.19,0.52,0.88,1.09
2016-02-09,0.22,0.53,0.89,1.1
2016-02-10,0.2,0.5,0.85,1.06
2016-02-11,0.17,0.45,0.81,1.03
2016-02-12,0.17,0.49,0.87,1.1
2016-02-16,0.2,0.53,0.92,1.16
2016-02-17,0.22,0.53,0.93,1.18
2016-02-18,0.19,0.51,0.87,1.13
2016-02-19,0.18,0.5,0.86,1.11
2016-02-22,0.14,0.46,0.83,1.08
2016-02-23,0.1,0.42,0.8,1.05
2016-02-24,0.06,0.39,0.78,1.04
2016-02-25,-0.02,0.32,0.72,1.0
2016-02-26,0.03,0.35,0.75,1.04
2016-02-29,-0.01,0.32,0.72,1.0
2016-03-01,0.02,0.35,0.75,1.04
2016-03-02,0.0,0.33,0.73,1.0
2016-03-03,-0.03,0.3,0.7,0.97
2016-03-04,0.02,0.37,0.76,1.02
2016-03-07,0.06,0.43,0.81,1.06
2016-03-08,0.01,0.37,0.75,1.01
2016-03-09,0.02,0.39,0.79,1.05
2016-03-10,0.1,0.45,0.82,1.06
2016-03-11,0.08,0.44,0.83,1.09
2016-03-14,0.11,0.45,0.83,1.09
2016-03-15,0.15,0.47,0.85,1.11
2016-03-16,-0.04,0.36,0.78,1.05
2016-03-17,-0.07,0.34,0.74,1.0
2016-03-18,-0.13,0.27,0.68,0.94
2016-03-21,-0.12,0.28,0.68,0.95
2016-03-22,-0.06,0.31,0.7,0.95
2016-03-23,-0.07,0.3,0.67,0.91
2016-03-24,-0.03,0.34,0.71,0.95
2016-03-28,-0.03,0.33,0.7,0.94
2016-03-29,-0.18,0.2,0.59,0.84
2016-03-30,-0.26,0.18,0.6,0.86
2016-03-31,-0.28,0.16,0.57,0.83
2016-04-01,-0.25,0.17,0.58,0.83
2016-04-04,-0.26,0.14,0.55,0.81
2016-04-05,-0.26,0.14,0.54,0.79
2016-04-06,-0.23,0.17,0.57,0.83
2016-04-07,-0.27,0.12,0.53,0.78
2016-04-08,-0.27,0.14,0.55,0.81
2016-04-11,-0.25,0.17,0.59,0.85
2016-04-12,-0.17,0.22,0.63,0.89
2016-04-13,-0.21,0.21,0.62,0.87
2016-04-14,-0.16,0.24,0.64,0.89
2016-04-15,-0.2,0.2,0.6,0.84
2016-04-18,-0.17,0.21,0.59,0.84
2016-04-19,-0.2,0.19,0.58,0.83
2016-04-20,-0.17,0.23,0.64,0.88
2016-04-21,-0.21,0.24,0.66,0.91
2016-04-22,-0.19,0.25,0.67,0.92
2016-04-25,-0.18,0.26,0.68,0.94
2016-04-26,-0.16,0.27,0.7,0.95
2016-04-27,-0.24,0.19,0.64,0.9
2016-04-28,-0.33,0.12,0.58,0.86
2016-04-29,-0.32,0.12,0.56,0.82
2016-05-02,-0.26,0.2,0.63,0.89
2016-05-03,-0.29,0.17,0.61,0.87
2016-05-04,-0.29,0.16,0.61,0.86
2016-05-05,-0.32,0.13,0.58,0.83
2016-05-06,-0.28,0.18,0.62,0.86
2016-05-09,-0.3,0.18,0.62,0.87
2016-05-10,-0.33,0.15,0.58,0.84
2016-05-11,-0.33,0.14,0.57,0.82
2016-05-12,-0.29,0.15,0.59,0.83
2016-05-13,-0.3,0.13,0.55,0.79
2016-05-16,-0.27,0.15,0.59,0.82
2016-05-17,-0.27,0.15,0.57,0.8
2016-05-18,-0.13,0.26,0.7,0.88
2016-05-19,-0.13,0.29,0.69,0.88
2016-05-20,-0.13,0.29,0.7,0.89
2016-05-23,-0.11,0.3,0.75,0.89
2016-05-24,-0.1,0.31,0.76,0.9
2016-05-25,-0.11,0.29,0.71,0.9
2016-05-26,-0.16,0.25,0.66,0.87
2016-05-27,-0.12,0.27,0.68,0.89
2016-05-31,-0.1,0.3,0.74,0.91
2016-06-01,-0.08,0.31,0.74,0.91
2016-06-02,-0.12,0.27,0.73,0.88
2016-06-03,-0.22,0.19,0.66,0.84
2016-06-06,-0.24,0.19,0.66,0.85
2016-06-07,-0.28,0.15,0.61,0.82
2016-06-08,-0.31,0.12,0.58,0.78
2016-06-09,-0.31,0.12,0.58,0.78
2016-06-10,-0.32,0.12,0.59,0.78
2016-06-13,-0.31,0.15,0.62,0.81
2016-06-14,-0.3,0.17,0.63,0.84
2016-06-15,-0.37,0.13,0.59,0.82
2016-06-16,-0.32,0.15,0.61,0.82
2016-06-17,-0.3,0.2,0.64,0.85
2016-06-20,-0.26,0.24,0.69,0.88
2016-06-21,-0.19,0.28,0.72,0.91
2016-06-22,-0.21,0.25,0.7,0.9
2016-06-23,-0.22,0.24,0.69,0.88
2016-06-24,-0.28,0.15,0.62,0.81
2016-06-27,-0.27,0.12,0.54,0.73
2016-06-28,-0.32,0.09,0.49,0.7
2016-06-29,-0.33,0.1,0.53,0.71
2016-06-30,-0.37,0.09,0.53,0.7
2016-07-01,-0.43,0.03,0.43,0.62
2016-07-05,-0.45,-0.03,0.37,0.56
2016-07-06,-0.46,-0.05,0.35,0.54
2016-07-07,-0.44,-0.03,0.37,0.56
2016-07-08,-0.44,-0.06,0.33,0.53
2016-07-11,-0.38,0.01,0.39,0.56
2016-07-12,-0.36,0.07,0.46,0.64
2016-07-13,-0.36,0.03,0.4,0.58
2016-07-14,-0.34,0.08,0.49,0.62
2016-07-15,-0.29,0.11,0.48,0.64
2016-07-18,-0.27,0.1,0.46,0.65
2016-07-19,-0.27,0.12,0.54,0.65
2016-07-20,-0.25,0.13,0.51,0.67
2016-07-21,-0.27,0.05,0.45,0.67
2016-07-22,-0.23,0.06,0.47,0.67
2016-07-25,-0.19,0.08,0.47,0.68
2016-07-26,-0.18,0.07,0.44,0.66
2016-07-27,-0.21,0.03,0.38,0.61
2016-07-28,-0.24,0.0,0.36,0.59
2016-07-29,-0.28,-0.03,0.33,0.56
2016-08-01,-0.21,0.05,0.42,0.63
2016-08-02,-0.18,0.11,0.49,0.7
2016-08-03,-0.21,0.09,0.48,0.68
2016-08-04,-0.27,0.04,0.42,0.62
2016-08-05,-0.2,0.09,0.44,0.64
2016-08-08,-0.19,0.08,0.43,0.63
2016-08-09,-0.19,0.06,0.41,0.6
2016-08-10,-0.2,0.06,0.4,0.59
2016-08-11,-0.16,0.1,0.43,0.61
2016-08-12,-0.19,0.07,0.41,0.58
2016-08-15,-0.16,0.1,0.44,0.62
2016-08-16,-0.12,0.13,0.48,0.65
2016-08-17,-0.16,0.09,0.45,0.63
2016-08-18,-0.2,0.06,0.4,0.61
2016-08-19,-0.17,0.1,0.44,0.63
2016-08-22,-0.19,0.08,0.41,0.59
2016-08-23,-0.19,0.07,0.4,0.58
2016-08-24,-0.19,0.08,0.42,0.59
2016-08-25,-0.17,0.09,0.43,0.61
2016-08-26,-0.08,0.15,0.46,0.64
2016-08-29,-0.11,0.11,0.43,0.58
2016-08-30,-0.1,0.11,0.42,0.59
2016-08-31,-0.08,0.11,0.4,0.58
2016-09-01,-0.06,0.12,0.39,0.57
2016-09-02,-0.08,0.13,0.42,0.6
2016-09-06,-0.16,0.06,0.37,0.54
2016-09-07,-0.18,0.03,0.33,0.52
2016-09-08,-0.15,0.09,0.43,0.59
2016-09-09,-0.09,0.17,0.49,0.67
2016-09-12,-0.12,0.17,0.5,0.67
2016-09-13,-0.05,0.24,0.59,0.74
2016-09-14,-0.09,0.21,0.58,0.72
2016-09-15,-0.11,0.22,0.61,0.76
2016-09-16,-0.13,0.19,0.57,0.73
2016-09-19,-0.13,0.2,0.57,0.75
2016-09-20,-0.13,0.2,0.57,0.75
2016-09-21,-0.17,0.15,0.53,0.69
2016-09-22,-0.22,0.08,0.43,0.62
2016-09-23,-0.26,0.05,0.41,0.58
2016-09-26,-0.27,0.05,0.43,0.6
2016-09-27,-0.26,0.04,0.42,0.58
2016-09-28,-0.31,0.01,0.38,0.57
2016-09-29,-0.32,0.02,0.43,0.58
2016-09-30,-0.31,0.0,0.38,0.59
2016-10-03,-0.29,0.0,0.37,0.58
2016-10-04,-0.23,0.07,0.44,0.66
2016-10-05,-0.22,0.1,0.48,0.69
2016-10-06,-0.21,0.11,0.48,0.68
2016-10-07,-0.24,0.1,0.47,0.68
2016-10-11,-0.21,0.13,0.51,0.71
2016-10-12,-0.2,0.15,0.53,0.73
2016-10-13,-0.23,0.12,0.51,0.71
2016-10-14,-0.25,0.13,0.53,0.74
2016-10-17,-0.29,0.09,0.49,0.68
2016-10-18,-0.3,0.09,0.49,0.68
2016-10-19,-0.32,0.08,0.49,0.68
2016-10-20,-0.3,0.08,0.48,0.68
2016-10-21,-0.31,0.07,0.46,0.66
2016-10-24,-0.26,0.11,0.49,0.69
2016-10-25,-0.28,0.07,0.46,0.65
2016-10-26,-0.28,0.08,0.47,0.65
2016-10-27,-0.24,0.13,0.52,0.72
2016-10-28,-0.27,0.13,0.55,0.74
2016-10-31,-0.28,0.11,0.51,0.7
2016-11-01,-0.29,0.11,0.51,0.69
2016-11-02,-0.29,0.11,0.51,0.7
2016-11-03,-0.26,0.14,0.56,0.75
2016-11-04,-0.28,0.11,0.54,0.72
2016-11-07,-0.27,0.12,0.51,0.71
2016-11-08,-0.23,0.15,0.54,0.73
2016-11-09,-0.18,0.25,0.69,0.83
2016-11-10,-0.14,0.27,0.7,0.87
2016-11-14,0.01,0.4,0.79,0.96
2016-11-15,0.01,0.41,0.79,0.95
2016-11-16,0.02,0.39,0.75,0.92
2016-11-17,0.02,0.42,0.8,0.96
2016-11-18,0.06,0.44,0.79,0.94
2016-11-21,0.05,0.42,0.75,0.92
2016-11-22,0.02,0.41,0.76,0.93
2016-11-23,0.09,0.44,0.77,0.93
2016-11-25,0.09,0.47,0.8,0.93
2016-11-28,0.11,0.47,0.8,0.95
2016-11-29,0.09,0.44,0.76,0.92
2016-11-30,0.06,0.43,0.75,0.91
2016-12-01,0.09,0.48,0.81,0.95
2016-12-02,0.08,0.49,0.82,0.98
2016-12-05,0.05,0.45,0.78,0.94
2016-12-06,0.04,0.44,0.79,0.94
2016-12-07,0.02,0.42,0.76,0.91
2016-12-08,0.0,0.45,0.82,0.98
2016-12-09,0.06,0.51,0.88,1.04
2016-12-12,0.04,0.51,0.89,1.04
2016-12-13,0.06,0.53,0.98,1.04
2016-12-14,0.2,0.6,0.92,1.07
2016-12-15,0.32,0.7,1.0,1.15
2016-12-16,0.32,0.74,1.05,1.2
2016-12-19,0.29,0.68,0.98,1.13
2016-12-20,0.26,0.67,0.98,1.14
2016-12-21,0.3,0.64,0.93,1.1
2016-12-22,0.18,0.6,0.91,1.06
2016-12-23,0.2,0.58,0.87,1.03
2016-12-27,0.19,0.58,0.89,1.04
2016-12-28,0.17,0.56,0.86,1.02
2016-12-29,0.15,0.55,0.86,1.02
2016-12-30,0.09,0.5,0.82,0.99
2017-01-03,0.08,0.47,0.78,0.94
2017-01-04,0.08,0.47,0.78,0.95
2017-01-05,0.03,0.42,0.73,0.89
2017-01-06,0.08,0.46,0.76,0.93
2017-01-09,0.04,0.43,0.74,0.91
2017-01-10,0.05,0.43,0.74,0.91
2017-01-11,0.04,0.39,0.71,0.88
2017-01-12,0.0,0.38,0.7,0.87
2017-01-13,0.05,0.41,0.72,0.89
2017-01-17,0.0,0.36,0.68,0.87
2017-01-18,0.07,0.42,0.74,0.92
2017-01-19,0.07,0.43,0.75,0.93
2017-01-20,0.03,0.44,0.76,0.94
2017-01-23,0.02,0.39,0.71,0.89
2017-01-24,0.01,0.41,0.75,0.93
2017-01-25,0.03,0.45,0.78,0.96
2017-01-26,0.01,0.43,0.76,0.94
2017-01-27,-0.02,0.41,0.74,0.91
2017-01-30,-0.01,0.42,0.76,0.94
2017-01-31,-0.04,0.4,0.74,0.93
2017-02-01,0.01,0.43,0.77,0.96
2017-02-02,-0.01,0.43,0.79,0.98
2017-02-03,0.02,0.44,0.81,1.01
2017-02-06,-0.05,0.4,0.78,0.98
2017-02-07,-0.02,0.4,0.76,0.96
2017-02-08,-0.01,0.38,0.72,0.91
2017-02-09,0.02,0.41,0.75,0.93
2017-02-10,0.02,0.4,0.72,0.9
2017-02-13,0.05,0.43,0.74,0.91
2017-02-14,0.11,0.46,0.77,0.94
2017-02-15,0.08,0.45,0.76,0.93
2017-02-16,0.05,0.43,0.75,0.95
2017-02-17,0.07,0.41,0.72,0.91
2017-02-21,0.06,0.4,0.72,0.92
2017-02-22,0.0,0.38,0.71,0.91
2017-02-23,-0.03,0.35,0.69,0.89
2017-02-24,-0.1,0.31,0.64,0.85
2017-02-27,0.01,0.35,0.67,0.88
2017-02-28,0.0,0.34,0.66,0.87
2017-03-01,0.15,0.43,0.75,0.94
2017-03-02,0.19,0.48,0.79,0.98
2017-03-03,0.1,0.45,0.77,0.96
2017-03-06,0.12,0.48,0.8,0.99
2017-03-07,0.13,0.49,0.81,1.01
2017-03-08,0.18,0.56,0.87,1.06
2017-03-09,0.24,0.6,0.9,1.09
2017-03-10,0.21,0.57,0.88,1.06
2017-03-13,0.28,0.61,0.9,1.09
2017-03-14,0.25,0.61,0.91,1.08
2017-03-15,0.18,0.5,0.81,1.0
2017-03-16,0.18,0.51,0.82,1.02
2017-03-17,0.14,0.49,0.82,1.01
2017-03-20,0.14,0.47,0.79,1.0
2017-03-21,0.16,0.45,0.78,0.99
2017-03-22,0.16,0.43,0.76,0.96
2017-03-23,0.2,0.46,0.73,0.96
2017-03-24,0.2,0.42,0.68,0.91
2017-03-27,0.18,0.41,0.67,0.9
2017-03-28,0.24,0.45,0.71,0.94
2017-03-29,0.13,0.41,0.72,0.91
2017-03-30,0.15,0.46,0.77,0.96
2017-03-31,0.16,0.43,0.74,0.94
2017-04-03,0.15,0.39,0.67,0.91
2017-04-04,0.11,0.4,0.72,0.92
2017-04-05,0.08,0.37,0.69,0.89
2017-04-06,0.16,0.39,0.67,0.9
2017-04-07,0.22,0.44,0.71,0.94
2017-04-10,0.22,0.44,0.71,0.94
2017-04-11,0.14,0.41,0.72,0.91
2017-04-12,0.12,0.38,0.69,0.89
2017-04-13,0.03,0.32,0.65,0.86
2017-04-17,0.1,0.38,0.7,0.9
2017-04-18,0.06,0.33,0.65,0.85
2017-04-19,0.08,0.36,0.69,0.9
2017-04-20,-0.04,0.39,0.79,0.92
2017-04-21,-0.02,0.4,0.78,0.93
2017-04-24,0.0,0.41,0.8,0.94
2017-04-25,0.02,0.44,0.8,0.96
2017-04-26,0.01,0.42,0.76,0.94
2017-04-27,0.0,0.39,0.73,0.92
2017-04-28,0.0,0.37,0.71,0.9
2017-05-01,0.04,0.41,0.76,0.96
2017-05-02,0.04,0.41,0.75,0.95
2017-05-03,0.1,0.46,0.79,0.98
2017-05-04,0.16,0.5,0.82,1.02
2017-05-05,0.14,0.5,0.84,1.01
2017-05-08,0.16,0.53,0.86,1.05
2017-05-09,0.2,0.56,0.87,1.06
2017-05-10,0.16,0.56,0.88,1.05
2017-05-11,0.11,0.51,0.83,1.02
2017-05-12,0.1,0.49,0.82,1.01
2017-05-15,0.12,0.52,0.86,1.05
2017-05-16,0.12,0.51,0.84,1.04
2017-05-17,0.06,0.44,0.78,0.97
2017-05-18,0.06,0.43,0.76,0.96
2017-05-19,0.04,0.41,0.73,0.92
2017-05-22,0.05,0.43,0.76,0.95
2017-05-23,0.07,0.46,0.78,0.96
2017-05-24,0.06,0.45,0.78,0.97
2017-05-25,0.08,0.45,0.77,0.97
2017-05-26,0.06,0.44,0.77,0.96
2017-05-30,0.03,0.4,0.73,0.93
2017-05-31,0.03,0.4,0.73,0.92
2017-06-01,0.03,0.4,0.73,0.92
2017-06-02,-0.01,0.36,0.68,0.87
2017-06-05,0.02,0.39,0.72,0.92
2017-06-06,0.0,0.37,0.7,0.91
2017-06-07,0.05,0.4,0.73,0.93
2017-06-08,0.06,0.41,0.74,0.95
2017-06-09,0.09,0.43,0.76,0.96
2017-06-12,0.11,0.46,0.78,0.98
2017-06-13,0.12,0.46,0.77,0.96
2017-06-14,0.15,0.44,0.74,0.93
2017-06-15,0.2,0.49,0.79,0.97
2017-06-16,0.19,0.49,0.79,0.97
2017-06-19,0.24,0.52,0.8,0.97
2017-06-20,0.23,0.5,0.77,0.93
2017-06-21,0.24,0.5,0.76,0.91
2017-06-22,0.19,0.46,0.72,0.88
2017-06-23,0.18,0.45,0.71,0.87
2017-06-26,0.16,0.43,0.7,0.86
2017-06-27,0.21,0.5,0.76,0.92
2017-06-28,0.16,0.49,0.76,0.92
2017-06-29,0.23,0.55,0.81,0.96
2017-06-30,0.26,0.58,0.84,0.99
2017-07-03,0.27,0.6,0.86,1.0
2017-07-05,0.27,0.58,0.83,0.98
2017-07-06,0.28,0.61,0.87,1.02
2017-07-07,0.32,0.66,0.92,1.06
2017-07-10,0.33,0.66,0.92,1.07
2017-07-11,0.31,0.62,0.89,1.05
2017-07-12,0.25,0.57,0.85,1.01
2017-07-13,0.25,0.58,0.87,1.03
2017-07-14,0.25,0.57,0.86,1.03
2017-07-17,0.22,0.54,0.83,1.0
2017-07-18,0.2,0.51,0.8,0.97
2017-07-19,0.18,0.51,0.8,0.96
2017-07-20,0.2,0.5,0.8,0.98
2017-07-21,0.19,0.48,0.78,0.96
2017-07-24,0.21,0.48,0.78,0.97
2017-07-25,0.23,0.52,0.83,1.03
2017-07-26,0.17,0.49,0.8,1.0
2017-07-27,0.16,0.49,0.82,1.02
2017-07-28,0.15,0.47,0.79,0.99
2017-07-31,0.17,0.48,0.8,1.0
2017-08-01,0.18,0.47,0.78,0.98
2017-08-02,0.19,0.48,0.78,0.98
2017-08-03,0.17,0.46,0.76,0.96
2017-08-04,0.17,0.47,0.78,0.97
2017-08-07,0.16,0.46,0.76,0.96
2017-08-08,0.15,0.46,0.77,0.96
2017-08-09,0.11,0.42,0.73,0.92
2017-08-10,0.1,0.4,0.7,0.89
2017-08-11,0.1,0.4,0.71,0.91
2017-08-14,0.18,0.45,0.75,0.94
2017-08-15,0.2,0.49,0.79,0.97
2017-08-16,0.17,0.45,0.75,0.94
2017-08-17,0.15,0.42,0.73,0.92
2017-08-18,0.16,0.43,0.73,0.93
2017-08-21,0.17,0.43,0.73,0.92
2017-08-22,0.19,0.45,0.74,0.93
2017-08-23,0.18,0.42,0.71,0.91
2017-08-24,0.18,0.44,0.73,0.92
2017-08-25,0.2,0.42,0.72,0.91
2017-08-28,0.18,0.41,0.71,0.92
2017-08-29,0.16,0.39,0.7,0.9
2017-08-30,0.15,0.39,0.7,0.91
2017-08-31,0.12,0.36,0.67,0.87
2017-09-01,0.1,0.37,0.69,0.9
2017-09-05,0.07,0.3,0.62,0.83
2017-09-06,0.09,0.32,0.63,0.85
2017-09-07,0.02,0.26,0.58,0.8
2017-09-08,0.01,0.25,0.57,0.79
2017-09-11,0.08,0.31,0.63,0.84
2017-09-12,0.08,0.33,0.65,0.85
2017-09-13,0.1,0.35,0.67,0.87
2017-09-14,0.09,0.35,0.65,0.85
2017-09-15,0.09,0.35,0.65,0.84
2017-09-18,0.09,0.36,0.67,0.86
2017-09-19,0.1,0.37,0.68,0.87
2017-09-20,0.18,0.43,0.72,0.9
2017-09-21,0.19,0.44,0.72,0.9
2017-09-22,0.17,0.42,0.7,0.88
2017-09-25,0.13,0.38,0.67,0.85
2017-09-26,0.15,0.4,0.69,0.87
2017-09-27,0.17,0.44,0.74,0.92
2017-09-28,0.16,0.44,0.74,0.92
2017-09-29,0.24,0.49,0.77,0.94
2017-10-02,0.21,0.51,0.79,0.95
2017-10-03,0.24,0.49,0.77,0.94
2017-10-04,0.19,0.48,0.77,0.94
2017-10-05,0.2,0.49,0.78,0.95
2017-10-06,0.19,0.5,0.8,0.97
2017-10-10,0.2,0.47,0.77,0.94
2017-10-11,0.2,0.46,0.75,0.93
2017-10-12,0.16,0.44,0.73,0.9
2017-10-13,0.2,0.43,0.7,0.89
2017-10-16,0.29,0.46,0.7,0.89
2017-10-17,0.28,0.48,0.73,0.89
2017-10-18,0.3,0.5,0.76,0.93
2017-10-19,0.32,0.49,0.72,0.91
2017-10-20,0.27,0.52,0.79,0.95
2017-10-23,0.32,0.52,0.75,0.95
2017-10-24,0.32,0.55,0.81,0.97
2017-10-25,0.32,0.56,0.83,0.99
2017-10-26,0.31,0.57,0.84,1.0
2017-10-27,0.27,0.54,0.81,0.97
2017-10-30,0.23,0.5,0.77,0.93
2017-10-31,0.22,0.5,0.77,0.92
2017-11-01,0.3,0.49,0.72,0.91
2017-11-02,0.21,0.48,0.74,0.89
2017-11-03,0.25,0.48,0.73,0.88
2017-11-06,0.22,0.46,0.71,0.87
2017-11-07,0.19,0.44,0.69,0.84
2017-11-08,0.24,0.45,0.69,0.84
2017-11-09,0.21,0.46,0.71,0.86
2017-11-10,0.28,0.52,0.77,0.92
2017-11-13,0.29,0.52,0.76,0.91
2017-11-14,0.27,0.51,0.75,0.89
2017-11-15,0.26,0.48,0.71,0.85
2017-11-16,0.28,0.53,0.74,0.87
2017-11-17,0.31,0.49,0.71,0.85
2017-11-20,0.35,0.52,0.72,0.85
2017-11-21,0.36,0.52,0.72,0.84
2017-11-22,0.3,0.48,0.69,0.82
2017-11-24,0.36,0.5,0.71,0.85
2017-11-27,0.37,0.49,0.69,0.84
2017-11-28,0.38,0.5,0.7,0.85
2017-11-29,0.4,0.53,0.75,0.88
2017-11-30,0.41,0.56,0.76,0.88
2017-12-01,0.41,0.51,0.69,0.81
2017-12-04,0.39,0.5,0.68,0.8
2017-12-05,0.46,0.5,0.65,0.78
2017-12-06,0.37,0.47,0.65,0.77
2017-12-07,0.4,0.5,0.69,0.81
2017-12-08,0.43,0.5,0.68,0.81
2017-12-11,0.4,0.51,0.7,0.82
2017-12-12,0.4,0.51,0.69,0.81
2017-12-13,0.38,0.48,0.67,0.79
2017-12-14,0.38,0.48,0.65,0.77
2017-12-15,0.39,0.47,0.63,0.75
2017-12-18,0.46,0.5,0.66,0.79
2017-12-19,0.49,0.55,0.71,0.84
2017-12-20,0.5,0.57,0.75,0.89
2017-12-21,0.42,0.55,0.73,0.85
2017-12-22,0.44,0.54,0.72,0.84
2017-12-26,0.49,0.53,0.7,0.83
2017-12-27,0.4,0.48,0.64,0.76
2017-12-28,0.37,0.47,0.64,0.75
2017-12-29,0.34,0.44,0.61,0.73
2018-01-02,0.35,0.46,0.64,0.77
2018-01-03,0.38,0.46,0.63,0.76
2018-01-04,0.35,0.45,0.62,0.75
2018-01-05,0.34,0.46,0.63,0.76
2018-01-08,0.38,0.47,0.65,0.77
2018-01-09,0.38,0.52,0.7,0.82
2018-01-10,0.38,0.52,0.7,0.82
2018-01-11,0.43,0.54,0.71,0.83
2018-01-12,0.43,0.54,0.7,0.81
2018-01-16,0.42,0.51,0.67,0.78
2018-01-17,0.49,0.53,0.67,0.79
2018-01-18,0.44,0.57,0.72,0.81
2018-01-19,0.45,0.58,0.72,0.81
2018-01-22,0.46,0.6,0.74,0.83
2018-01-23,0.51,0.57,0.71,0.81
2018-01-24,0.47,0.58,0.73,0.82
2018-01-25,0.5,0.56,0.69,0.79
2018-01-26,0.54,0.57,0.7,0.8
2018-01-29,0.57,0.61,0.73,0.81
2018-01-30,0.54,0.63,0.76,0.84
2018-01-31,0.54,0.61,0.72,0.8
2018-02-01,0.63,0.67,0.78,0.86
2018-02-02,0.65,0.7,0.82,0.9
2018-02-05,0.55,0.67,0.81,0.89
2018-02-06,0.64,0.69,0.82,0.91
2018-02-07,0.67,0.74,0.86,0.96
2018-02-08,0.68,0.76,0.89,0.99
2018-02-09,0.69,0.78,0.91,1.01
2018-02-12,0.72,0.79,0.92,1.01
2018-02-13,0.66,0.78,0.91,0.99
2018-02-14,0.74,0.82,0.94,1.02
2018-02-15,0.65,0.79,0.93,1.02
2018-02-16,0.63,0.78,0.92,1.01
2018-02-20,0.61,0.78,0.92,1.01
2018-02-21,0.63,0.82,0.97,1.06
2018-02-22,0.6,0.81,0.96,1.06
2018-02-23,0.58,0.76,0.92,1.03
2018-02-26,0.53,0.73,0.9,1.01
2018-02-27,0.58,0.77,0.92,1.02
2018-02-28,0.61,0.75,0.9,0.99
2018-03-01,0.55,0.71,0.86,0.96
2018-03-02,0.6,0.74,0.89,0.98
2018-03-05,0.6,0.75,0.91,1.01
2018-03-06,0.55,0.76,0.91,1.01
2018-03-07,0.55,0.76,0.93,1.03
2018-03-08,0.55,0.75,0.9,1.0
2018-03-09,0.69,0.78,0.92,1.03
2018-03-12,0.62,0.77,0.92,1.01
2018-03-13,0.57,0.75,0.9,1.0
2018-03-14,0.57,0.74,0.88,0.97
2018-03-15,0.55,0.74,0.88,0.97
2018-03-16,0.6,0.77,0.91,1.0
2018-03-19,0.61,0.77,0.91,1.0
2018-03-20,0.64,0.81,0.94,1.03
2018-03-21,0.73,0.8,0.92,1.03
2018-03-22,0.6,0.75,0.89,0.97
2018-03-23,0.6,0.75,0.89,0.98
2018-03-26,0.63,0.77,0.91,0.99
2018-03-27,0.64,0.71,0.84,0.95
2018-03-28,0.68,0.72,0.84,0.94
2018-03-29,0.64,0.69,0.81,0.9
2018-04-02,0.56,0.68,0.81,0.9
2018-04-03,0.61,0.71,0.84,0.92
2018-04-04,0.57,0.71,0.85,0.93
2018-04-05,0.71,0.75,0.87,0.97
2018-04-06,0.57,0.7,0.83,0.92
2018-04-09,0.58,0.71,0.83,0.92
2018-04-10,0.62,0.72,0.84,0.92
2018-04-11,0.56,0.68,0.8,0.88
2018-04-12,0.62,0.7,0.82,0.9
2018-04-13,0.66,0.69,0.79,0.88
2018-04-16,0.61,0.71,0.81,0.89
2018-04-17,0.67,0.68,0.78,0.85
2018-04-18,0.69,0.71,0.81,0.89
2018-04-19,0.65,0.75,0.84,0.92
2018-04-20,0.7,0.79,0.88,0.96
2018-04-23,0.72,0.8,0.89,0.97
2018-04-24,0.73,0.83,0.93,1.01
2018-04-25,0.75,0.86,0.95,1.03
2018-04-26,0.72,0.82,0.92,0.99
2018-04-27,0.71,0.79,0.87,0.93
2018-04-30,0.69,0.78,0.86,0.91
2018-05-01,0.73,0.81,0.89,0.94
2018-05-02,0.71,0.8,0.89,0.95
2018-05-03,0.69,0.78,0.88,0.94
2018-05-04,0.69,0.79,0.87,0.94
2018-05-07,0.67,0.78,0.88,0.94
2018-05-08,0.71,0.81,0.89,0.96
2018-05-09,0.71,0.82,0.91,0.97
2018-05-10,0.71,0.8,0.88,0.94
2018-05-11,0.71,0.82,0.88,0.94
2018-05-14,0.73,0.85,0.92,0.97
2018-05-15,0.77,0.9,0.97,1.02
2018-05-16,0.78,0.92,0.98,1.02
2018-05-17,0.78,0.95,1.02,1.07
2018-05-18,0.76,0.91,0.99,1.04
2018-05-21,0.75,0.9,0.99,1.03
2018-05-22,0.77,0.91,0.98,1.04
2018-05-23,0.71,0.87,0.96,1.02
2018-05-24,0.71,0.86,0.95,1.0
2018-05-25,0.72,0.84,0.92,0.99
2018-05-29,0.6,0.73,0.83,0.89
2018-05-30,0.67,0.78,0.87,0.93
2018-05-31,0.65,0.76,0.84,0.91
2018-06-01,0.68,0.8,0.89,0.94
2018-06-04,0.72,0.82,0.9,0.96
2018-06-05,0.71,0.79,0.87,0.94
2018-06-06,0.75,0.83,0.91,0.97
2018-06-07,0.69,0.8,0.89,0.94
2018-06-08,0.71,0.82,0.9,0.96
2018-06-11,0.72,0.83,0.91,0.97
2018-06-12,0.74,0.83,0.91,0.96
2018-06-13,0.76,0.86,0.94,0.98
2018-06-14,0.74,0.82,0.89,0.94
2018-06-15,0.73,0.81,0.88,0.93
2018-06-18,0.72,0.8,0.87,0.93
2018-06-19,0.7,0.77,0.85,0.91
2018-06-20,0.74,0.81,0.89,0.95
2018-06-21,0.72,0.79,0.88,0.94
2018-06-22,0.7,0.78,0.86,0.92
2018-06-25,0.69,0.77,0.85,0.91
2018-06-26,0.68,0.76,0.84,0.9
2018-06-27,0.64,0.72,0.8,0.86
2018-06-28,0.66,0.74,0.82,0.87
2018-06-29,0.67,0.74,0.81,0.87
2018-07-02,0.68,0.73,0.8,0.85
2018-07-03,0.64,0.71,0.78,0.83
2018-07-05,0.64,0.71,0.77,0.82
2018-07-06,0.63,0.7,0.77,0.81
2018-07-09,0.65,0.73,0.8,0.84
2018-07-10,0.68,0.74,0.81,0.85
2018-07-11,0.67,0.74,0.8,0.83
2018-07-12,0.69,0.75,0.8,0.84
2018-07-13,0.66,0.72,0.78,0.82
2018-07-16,0.7,0.75,0.81,0.84
2018-07-17,0.73,0.77,0.82,0.86
2018-07-18,0.74,0.79,0.85,0.89
2018-07-19,0.73,0.75,0.81,0.87
2018-07-20,0.75,0.78,0.85,0.92
2018-07-23,0.82,0.85,0.92,0.98
2018-07-24,0.83,0.84,0.9,0.96
2018-07-25,0.81,0.81,0.88,0.94
2018-07-26,0.86,0.87,0.92,0.97
2018-07-27,0.84,0.84,0.89,0.95
2018-07-30,0.84,0.85,0.91,0.96
2018-07-31,0.85,0.84,0.88,0.94
2018-08-01,0.87,0.87,0.93,0.97
2018-08-02,0.86,0.86,0.92,0.97
2018-08-03,0.82,0.83,0.9,0.95
2018-08-06,0.82,0.83,0.9,0.96
2018-08-07,0.84,0.85,0.92,0.99
2018-08-08,0.85,0.85,0.91,0.98
2018-08-09,0.83,0.82,0.88,0.95
2018-08-10,0.77,0.78,0.86,0.92
2018-08-13,0.76,0.78,0.86,0.93
2018-08-14,0.78,0.8,0.88,0.95
2018-08-15,0.76,0.78,0.86,0.93
2018-08-16,0.78,0.79,0.86,0.92
2018-08-17,0.79,0.79,0.85,0.92
2018-08-20,0.75,0.75,0.82,0.89
2018-08-21,0.76,0.77,0.84,0.9
2018-08-22,0.74,0.74,0.82,0.89
2018-08-23,0.73,0.73,0.81,0.87
2018-08-24,0.73,0.73,0.79,0.86
2018-08-27,0.74,0.74,0.81,0.88
2018-08-28,0.78,0.77,0.84,0.91
2018-08-29,0.78,0.77,0.83,0.9
2018-08-30,0.76,0.76,0.82,0.88
2018-08-31,0.76,0.78,0.85,0.91
2018-09-04,0.79,0.8,0.88,0.94
2018-09-05,0.79,0.81,0.89,0.95
2018-09-06,0.79,0.8,0.88,0.94
2018-09-07,0.84,0.84,0.92,0.97
2018-09-10,0.85,0.84,0.9,0.96
2018-09-11,0.86,0.86,0.92,0.99
2018-09-12,0.85,0.85,0.92,0.97
2018-09-13,0.89,0.87,0.93,0.98
2018-09-14,0.9,0.89,0.95,1.0
2018-09-17,0.9,0.89,0.95,1.01
2018-09-18,0.93,0.92,0.98,1.05
2018-09-19,0.94,0.93,1.0,1.06
2018-09-20,0.94,0.92,0.98,1.04
2018-09-21,0.93,0.92,0.98,1.03
2018-09-24,0.93,0.92,0.98,1.04
2018-09-25,0.94,0.94,0.99,1.05
2018-09-26,0.92,0.92,0.97,1.03
2018-09-27,0.92,0.91,0.97,1.03
2018-09-28,0.91,0.91,0.97,1.04
2018-10-01,0.92,0.95,1.03,1.09
2018-10-02,0.91,0.93,1.0,1.07
2018-10-03,0.95,0.99,1.06,1.13
2018-10-04,0.99,1.03,1.11,1.18
2018-10-05,1.02,1.07,1.15,1.23
2018-10-09,1.0,1.04,1.12,1.19
2018-10-10,1.01,1.06,1.15,1.23
2018-10-11,1.01,1.02,1.11,1.18
2018-10-12,1.01,1.03,1.12,1.18
2018-10-15,1.01,1.03,1.12,1.19
2018-10-16,1.01,1.03,1.12,1.19
2018-10-17,1.04,1.06,1.15,1.21
2018-10-18,1.04,1.07,1.17,1.24
2018-10-19,1.07,1.09,1.18,1.26
2018-10-22,1.07,1.09,1.19,1.26
2018-10-23,1.07,1.08,1.18,1.26
2018-10-24,1.01,1.03,1.15,1.24
2018-10-25,1.07,1.09,1.2,1.28
2018-10-26,0.98,1.02,1.14,1.23
2018-10-29,0.99,1.02,1.15,1.25
2018-10-30,1.03,1.07,1.19,1.28
2018-10-31,1.08,1.1,1.21,1.31
2018-11-01,1.08,1.12,1.23,1.32
2018-11-02,1.13,1.16,1.27,1.37
2018-11-05,1.12,1.14,1.25,1.33
2018-11-06,1.13,1.15,1.25,1.32
2018-11-07,1.14,1.15,1.25,1.32
2018-11-08,1.17,1.17,1.24,1.32
2018-11-09,1.15,1.15,1.24,1.31
2018-11-13,1.11,1.12,1.22,1.29
2018-11-14,1.1,1.12,1.22,1.3
2018-11-15,1.09,1.11,1.21,1.3
2018-11-16,1.02,1.06,1.17,1.25
2018-11-19,1.02,1.07,1.17,1.26
2018-11-20,1.06,1.09,1.19,1.28
2018-11-21,1.08,1.09,1.2,1.28
2018-11-23,1.11,1.09,1.18,1.29
2018-11-26,1.12,1.11,1.2,1.3
2018-11-27,1.16,1.15,1.24,1.34
2018-11-28,1.13,1.12,1.23,1.34
2018-11-29,1.06,1.05,1.16,1.28
2018-11-30,1.07,1.04,1.15,1.26
2018-12-03,1.07,1.02,1.13,1.23
2018-12-04,1.05,0.97,1.06,1.16
2018-12-06,1.06,0.97,1.08,1.15
2018-12-07,1.02,0.96,1.06,1.17
2018-12-10,1.06,0.99,1.1,1.19
2018-12-11,1.13,1.06,1.16,1.22
2018-12-12,1.15,1.08,1.16,1.24
2018-12-13,1.13,1.08,1.18,1.25
2018-12-14,1.13,1.07,1.15,1.23
2018-12-17,1.11,1.05,1.15,1.22
2018-12-18,1.07,1.01,1.09,1.17
2018-12-19,1.06,0.97,1.06,1.11
2018-12-20,1.12,1.03,1.1,1.16
2018-12-21,1.09,1.02,1.11,1.17
2018-12-24,1.06,0.99,1.09,1.15
2018-12-26,1.1,1.04,1.13,1.21
2018-12-27,1.07,1.03,1.14,1.22
2018-12-28,1.04,0.99,1.11,1.21
2018-12-31,1.0,0.98,1.09,1.21
2019-01-02,1.0,0.96,1.07,1.19
2019-01-03,0.88,0.88,1.01,1.14
2019-01-04,0.91,0.91,1.05,1.17
2019-01-07,0.92,0.92,1.06,1.18
2019-01-08,0.92,0.91,1.03,1.15
2019-01-09,0.89,0.91,1.05,1.16
2019-01-10,0.91,0.93,1.08,1.2
2019-01-11,0.86,0.88,1.05,1.18
2019-01-14,0.89,0.9,1.07,1.2
2019-01-15,0.9,0.91,1.08,1.21
2019-01-16,0.9,0.91,1.06,1.2
2019-01-17,0.94,0.96,1.1,1.21
2019-01-18,0.95,0.96,1.1,1.21
2019-01-22,0.94,0.95,1.09,1.2
2019-01-23,0.95,0.96,1.1,1.21
2019-01-24,0.93,0.95,1.09,1.2
2019-01-25,0.95,0.97,1.11,1.22
2019-01-28,0.96,0.97,1.12,1.23
2019-01-29,0.93,0.94,1.09,1.2
2019-01-30,0.81,0.86,1.03,1.17
2019-01-31,0.73,0.78,0.94,1.08
2019-02-01,0.79,0.82,0.98,1.11
2019-02-04,0.81,0.86,1.01,1.14
2019-02-05,0.79,0.84,0.99,1.11
2019-02-06,0.79,0.84,1.0,1.13
2019-02-07,0.77,0.81,0.98,1.11
2019-02-08,0.75,0.81,0.97,1.1
2019-02-11,0.78,0.83,0.99,1.13
2019-02-12,0.78,0.85,1.0,1.14
2019-02-13,0.77,0.85,1.0,1.14
2019-02-14,0.74,0.81,0.97,1.12
2019-02-15,0.74,0.8,0.96,1.1
2019-02-19,0.71,0.78,0.94,1.08
2019-02-20,0.68,0.76,0.92,1.07
2019-02-21,0.71,0.78,0.94,1.1
2019-02-22,0.65,0.74,0.9,1.06
2019-02-25,0.66,0.75,0.91,1.06
2019-02-26,0.63,0.72,0.89,1.05
2019-02-27,0.65,0.76,0.94,1.1
2019-02-28,0.68,0.78,0.96,1.11
2019-03-01,0.71,0.8,0.98,1.13
2019-03-04,0.69,0.78,0.95,1.11
2019-03-05,0.7,0.79,0.96,1.11
2019-03-06,0.68,0.78,0.95,1.11
2019-03-07,0.64,0.74,0.92,1.08
2019-03-08,0.62,0.72,0.9,1.06
2019-03-11,0.62,0.73,0.92,1.09
2019-03-12,0.6,0.71,0.9,1.06
2019-03-13,0.58,0.69,0.89,1.05
2019-03-14,0.58,0.69,0.89,1.06
2019-03-15,0.54,0.65,0.85,1.03
2019-03-18,0.54,0.64,0.84,1.02
2019-03-19,0.57,0.66,0.85,1.03
2019-03-20,0.46,0.58,0.78,0.97
2019-03-21,0.48,0.58,0.78,0.96
2019-03-22,0.44,0.54,0.73,0.91
2019-03-25,0.44,0.55,0.75,0.93
2019-03-26,0.43,0.55,0.76,0.94
2019-03-27,0.44,0.55,0.75,0.94
2019-03-28,0.48,0.56,0.75,0.93
2019-03-29,0.45,0.53,0.72,0.89
2019-04-01,0.49,0.59,0.78,0.95
2019-04-02,0.47,0.58,0.77,0.94
2019-04-03,0.51,0.61,0.81,0.99
2019-04-04,0.51,0.61,0.8,0.99
2019-04-05,0.52,0.6,0.79,0.97
2019-04-08,0.52,0.61,0.8,0.98
2019-04-09,0.51,0.6,0.79,0.98
2019-04-10,0.45,0.54,0.74,0.94
2019-04-11,0.49,0.57,0.78,0.98
2019-04-12,0.52,0.61,0.81,0.99
2019-04-15,0.52,0.61,0.8,0.99
2019-04-16,0.55,0.64,0.83,1.01
2019-04-17,0.56,0.65,0.84,1.02
2019-04-18,0.52,0.62,0.81,0.98
2019-04-22,0.52,0.64,0.84,1.01
2019-04-23,0.49,0.62,0.82,0.99
2019-04-24,0.45,0.57,0.77,0.95
2019-04-25,0.47,0.56,0.75,0.93
2019-04-26,0.43,0.54,0.74,0.92
2019-04-29,0.46,0.58,0.79,0.96
2019-04-30,0.43,0.56,0.77,0.94
2019-05-01,0.48,0.59,0.79,0.95
2019-05-02,0.56,0.66,0.84,1.0
2019-05-03,0.53,0.63,0.81,0.97
2019-05-06,0.49,0.6,0.79,0.96
2019-05-07,0.49,0.58,0.77,0.94
2019-05-08,0.53,0.62,0.81,0.99
2019-05-09,0.52,0.6,0.79,0.96
2019-05-10,0.51,0.59,0.77,0.95
2019-05-13,0.45,0.55,0.74,0.92
2019-05-14,0.45,0.56,0.76,0.93
2019-05-15,0.41,0.54,0.75,0.92
2019-05-16,0.43,0.56,0.77,0.94
2019-05-17,0.46,0.58,0.78,0.94
2019-05-20,0.5,0.6,0.78,0.95
2019-05-21,0.51,0.6,0.77,0.94
2019-05-22,0.51,0.6,0.77,0.94
2019-05-23,0.49,0.58,0.74,0.91
2019-05-24,0.5,0.56,0.73,0.89
2019-05-28,0.48,0.53,0.71,0.87
2019-05-29,0.46,0.5,0.68,0.84
2019-05-30,0.44,0.48,0.66,0.81
2019-05-31,0.35,0.4,0.58,0.74
2019-06-03,0.27,0.34,0.54,0.72
2019-06-04,0.3,0.38,0.58,0.77
2019-06-05,0.27,0.37,0.58,0.78
2019-06-06,0.3,0.39,0.6,0.8
2019-06-07,0.24,0.35,0.56,0.76
2019-06-10,0.31,0.42,0.62,0.82
2019-06-11,0.35,0.43,0.63,0.82
2019-06-12,0.35,0.42,0.64,0.83
2019-06-13,0.33,0.42,0.63,0.84
2019-06-14,0.37,0.46,0.67,0.87
2019-06-17,0.4,0.48,0.68,0.87
2019-06-18,0.34,0.42,0.63,0.82
2019-06-19,0.24,0.36,0.58,0.77
2019-06-20,0.16,0.27,0.5,0.72
2019-06-21,0.2,0.34,0.59,0.79
2019-06-24,0.18,0.31,0.55,0.76
2019-06-25,0.21,0.33,0.57,0.78
2019-06-26,0.24,0.35,0.58,0.79
2019-06-27,0.23,0.33,0.55,0.77
2019-06-28,0.23,0.31,0.55,0.78
2019-07-01,0.26,0.34,0.59,0.81
2019-07-02,0.25,0.33,0.57,0.79
2019-07-03,0.23,0.31,0.54,0.76
2019-07-05,0.29,0.35,0.58,0.78
2019-07-08,0.31,0.35,0.56,0.76
2019-07-09,0.32,0.36,0.57,0.75
2019-07-10,0.23,0.33,0.55,0.76
2019-07-11,0.25,0.36,0.59,0.81
2019-07-12,0.24,0.35,0.58,0.8
2019-07-15,0.23,0.32,0.55,0.77
2019-07-16,0.25,0.33,0.56,0.78
2019-07-17,0.23,0.31,0.54,0.75
2019-07-18,0.18,0.25,0.5,0.74
2019-07-19,0.2,0.25,0.5,0.75
2019-07-22,0.21,0.26,0.5,0.75
2019-07-23,0.22,0.27,0.51,0.76
2019-07-24,0.23,0.26,0.5,0.75
2019-07-25,0.25,0.28,0.51,0.76
2019-07-26,0.28,0.3,0.53,0.78
2019-07-29,0.27,0.29,0.53,0.78
2019-07-30,0.26,0.28,0.51,0.77
2019-07-31,0.28,0.26,0.47,0.72
2019-08-01,0.21,0.2,0.44,0.71
2019-08-02,0.21,0.2,0.43,0.69
2019-08-05,0.16,0.15,0.38,0.65
2019-08-06,0.13,0.11,0.34,0.6
2019-08-07,0.14,0.09,0.32,0.56
2019-08-08,0.11,0.07,0.3,0.54
2019-08-09,0.13,0.08,0.3,0.55
2019-08-12,0.1,0.04,0.26,0.47
2019-08-13,0.13,0.05,0.27,0.49
2019-08-14,0.15,0.02,0.23,0.44
2019-08-15,0.08,-0.02,0.17,0.41
2019-08-16,0.08,0.01,0.2,0.44
2019-08-19,0.11,0.04,0.27,0.49
2019-08-20,0.08,0.02,0.22,0.48
2019-08-21,0.13,0.05,0.28,0.5
2019-08-22,0.15,0.07,0.29,0.51
2019-08-23,0.05,-0.02,0.19,0.42
2019-08-26,0.09,0.0,0.2,0.44
2019-08-27,0.04,-0.06,0.11,0.36
2019-08-28,0.01,-0.08,0.08,0.32
2019-08-29,0.01,-0.09,0.07,0.31
2019-08-30,0.04,-0.05,0.16,0.35
2019-09-03,0.06,-0.03,0.14,0.37
2019-09-04,0.01,-0.04,0.18,0.39
2019-09-05,0.08,0.01,0.23,0.43
2019-09-06,0.07,0.01,0.21,0.41
2019-09-09,0.11,0.06,0.27,0.47
2019-09-10,0.18,0.12,0.34,0.54
2019-09-11,0.2,0.15,0.36,0.56
2019-09-12,0.22,0.16,0.38,0.58
2019-09-13,0.29,0.23,0.45,0.65
2019-09-16,0.21,0.17,0.39,0.59
2019-09-17,0.2,0.15,0.36,0.56
2019-09-18,0.28,0.21,0.41,0.59
2019-09-19,0.25,0.18,0.38,0.57
2019-09-20,0.19,0.13,0.32,0.5
2019-09-23,0.17,0.11,0.31,0.49
2019-09-24,0.13,0.06,0.27,0.45
2019-09-25,0.19,0.13,0.33,0.52
2019-09-26,0.19,0.13,0.33,0.51
2019-09-27,0.2,0.16,0.35,0.53
2019-09-30,0.2,0.15,0.34,0.53
2019-10-01,0.18,0.13,0.33,0.52
2019-10-02,0.14,0.1,0.31,0.51
2019-10-03,0.09,0.06,0.27,0.48
2019-10-04,0.07,0.02,0.23,0.43
2019-10-07,0.11,0.05,0.26,0.46
2019-10-08,0.11,0.06,0.28,0.48
2019-10-09,0.16,0.1,0.32,0.52
2019-10-10,0.19,0.15,0.36,0.57
2019-10-11,0.25,0.2,0.4,0.59
2019-10-15,0.26,0.21,0.41,0.59
2019-10-16,0.22,0.18,0.39,0.6
2019-10-17,0.05,0.17,0.4,0.59
2019-10-18,0.04,0.16,0.39,0.58
2019-10-21,0.08,0.19,0.42,0.6
2019-10-22,0.07,0.17,0.38,0.58
2019-10-23,0.06,0.16,0.37,0.56
2019-10-24,0.06,0.15,0.37,0.56
2019-10-25,0.07,0.15,0.38,0.56
2019-10-28,0.13,0.21,0.43,0.61
2019-10-29,0.15,0.23,0.45,0.64
2019-10-30,0.14,0.21,0.42,0.6
2019-10-31,0.07,0.15,0.37,0.55
2019-11-01,0.05,0.14,0.35,0.54
2019-11-04,0.04,0.15,0.36,0.56
2019-11-05,0.08,0.18,0.39,0.58
2019-11-06,0.06,0.15,0.36,0.54
2019-11-07,0.13,0.23,0.43,0.61
2019-11-08,0.11,0.23,0.44,0.63
2019-11-12,0.13,0.22,0.42,0.61
2019-11-13,0.11,0.22,0.42,0.6
2019-11-14,0.09,0.2,0.4,0.58
2019-11-15,0.13,0.21,0.41,0.59
2019-11-18,0.09,0.18,0.39,0.57
2019-11-19,0.1,0.16,0.37,0.53
2019-11-20,0.07,0.13,0.33,0.49
2019-11-21,0.09,0.14,0.34,0.51
2019-11-22,0.09,0.15,0.34,0.49
2019-11-25,0.09,0.14,0.32,0.47
2019-11-26,0.06,0.12,0.3,0.44
2019-11-27,0.09,0.14,0.32,0.47
2019-11-29,0.12,0.17,0.35,0.5
2019-12-02,0.11,0.18,0.38,0.54
2019-12-03,0.03,0.09,0.28,0.44
2019-12-04,0.06,0.11,0.31,0.47
2019-12-05,0.07,0.13,0.33,0.49
2019-12-06,0.08,0.15,0.35,0.51
2019-12-09,0.08,0.14,0.33,0.51
2019-12-10,0.09,0.14,0.33,0.5
2019-12-11,0.04,0.1,0.3,0.47
2019-12-12,0.11,0.18,0.37,0.53
2019-12-13,0.04,0.12,0.32,0.5
2019-12-16,0.08,0.16,0.35,0.52
2019-12-17,0.06,0.14,0.34,0.52
2019-12-18,0.06,0.16,0.36,0.54
2019-12-19,0.05,0.15,0.34,0.52
2019-12-20,0.06,0.15,0.35,0.52
2019-12-23,0.08,0.18,0.37,0.55
2019-12-24,0.05,0.15,0.35,0.53
2019-12-26,0.06,0.16,0.36,0.54
2019-12-27,0.04,0.15,0.36,0.54
2019-12-30,0.02,0.15,0.38,0.55
2019-12-31,0.01,0.15,0.39,0.58
2020-01-02,-0.05,0.08,0.32,0.5
2020-01-03,-0.1,0.03,0.26,0.45
2020-01-06,-0.08,0.06,0.29,0.48
2020-01-07,-0.05,0.09,0.33,0.52
2020-01-08,-0.01,0.12,0.35,0.54
2020-01-09,-0.02,0.11,0.33,0.52
2020-01-10,-0.04,0.07,0.29,0.47
2020-01-13,-0.05,0.08,0.3,0.48
2020-01-14,-0.07,0.05,0.27,0.46
2020-01-15,-0.07,0.04,0.26,0.44
2020-01-16,-0.05,0.07,0.29,0.46
2020-01-17,-0.05,0.09,0.31,0.49
2020-01-21,-0.09,0.04,0.27,0.44
2020-01-22,-0.07,0.05,0.27,0.44
2020-01-23,-0.09,0.04,0.25,0.41
2020-01-24,-0.11,0.02,0.22,0.38
2020-01-27,-0.12,-0.02,0.17,0.33
2020-01-28,-0.12,0.0,0.2,0.36
2020-01-29,-0.17,-0.04,0.17,0.32
2020-01-30,-0.2,-0.07,0.14,0.3
2020-01-31,-0.28,-0.14,0.09,0.26
2020-02-03,-0.21,-0.09,0.13,0.3
2020-02-04,-0.16,-0.03,0.19,0.36
2020-02-05,-0.15,0.0,0.23,0.4
2020-02-06,-0.16,-0.02,0.21,0.36
2020-02-07,-0.2,-0.07,0.15,0.31
2020-02-10,-0.24,-0.1,0.14,0.3
2020-02-11,-0.2,-0.06,0.17,0.34
2020-02-12,-0.19,-0.04,0.2,0.36
2020-02-13,-0.22,-0.06,0.18,0.33
2020-02-14,-0.22,-0.07,0.16,0.32
2020-02-18,-0.25,-0.1,0.13,0.28
2020-02-19,-0.24,-0.09,0.14,0.29
2020-02-20,-0.26,-0.11,0.1,0.26
2020-02-21,-0.3,-0.15,0.07,0.22
2020-02-24,-0.36,-0.21,0.04,0.19
2020-02-25,-0.36,-0.2,0.04,0.19
2020-02-26,-0.36,-0.21,0.04,0.2
2020-02-27,-0.37,-0.23,0.01,0.19
2020-02-28,-0.44,-0.28,0.0,0.24
2020-03-02,-0.44,-0.31,-0.09,0.11
2020-03-03,-0.57,-0.43,-0.17,0.05
2020-03-04,-0.59,-0.44,-0.18,0.04
2020-03-05,-0.61,-0.48,-0.24,-0.01
2020-03-06,-0.56,-0.57,-0.41,-0.22
2020-03-09,-0.34,-0.45,-0.32,-0.2
2020-03-10,-0.14,-0.24,-0.08,0.06
2020-03-11,-0.03,-0.14,0.0,0.13
2020-03-12,0.03,-0.04,0.14,0.3
2020-03-13,0.17,0.04,0.22,0.39
2020-03-16,0.19,0.0,0.17,0.31
2020-03-17,0.5,0.39,0.54,0.67
2020-03-18,0.63,0.55,0.66,0.75
2020-03-19,0.52,0.62,0.71,0.78
2020-03-20,0.21,0.17,0.26,0.34
2020-03-23,0.01,-0.04,-0.02,-0.01
2020-03-24,-0.03,-0.13,-0.09,-0.07
2020-03-25,-0.13,-0.19,-0.09,0.0
2020-03-26,-0.21,-0.24,-0.14,-0.05
2020-03-27,-0.13,-0.22,-0.12,-0.03
2020-03-30,-0.18,-0.25,-0.1,0.04
2020-03-31,-0.12,-0.17,0.0,0.16
2020-04-01,-0.19,-0.29,-0.1,0.07
2020-04-02,-0.34,-0.4,-0.21,-0.03
2020-04-03,-0.39,-0.46,-0.26,-0.08
2020-04-06,-0.41,-0.47,-0.28,-0.09
2020-04-07,-0.38,-0.42,-0.24,-0.06
2020-04-08,-0.4,-0.42,-0.24,-0.04
2020-04-09,-0.49,-0.5,-0.32,-0.12
2020-04-13,-0.5,-0.5,-0.33,-0.13
2020-04-14,-0.52,-0.53,-0.35,-0.14
2020-04-15,-0.53,-0.56,-0.38,-0.19
2020-04-16,-0.35,-0.42,-0.25,-0.09
2020-04-17,-0.31,-0.36,-0.19,-0.02
2020-04-20,-0.21,-0.31,-0.16,-0.04
2020-04-21,-0.24,-0.38,-0.25,-0.14
2020-04-22,-0.32,-0.43,-0.29,-0.17
2020-04-23,-0.3,-0.44,-0.31,-0.2
2020-04-24,-0.36,-0.51,-0.38,-0.26
2020-04-27,-0.37,-0.5,-0.36,-0.24
2020-04-28,-0.39,-0.52,-0.38,-0.26
2020-04-29,-0.42,-0.51,-0.35,-0.22
2020-04-30,-0.36,-0.43,-0.27,-0.12
2020-05-01,-0.32,-0.42,-0.26,-0.12
2020-05-04,-0.33,-0.43,-0.27,-0.12
2020-05-05,-0.35,-0.44,-0.27,-0.12
2020-05-06,-0.34,-0.38,-0.21,-0.04
2020-05-07,-0.41,-0.45,-0.28,-0.11
2020-05-08,-0.41,-0.43,-0.25,-0.07
2020-05-11,-0.39,-0.4,-0.23,-0.05
2020-05-12,-0.38,-0.4,-0.23,-0.05
2020-05-13,-0.4,-0.43,-0.25,-0.08
2020-05-14,-0.4,-0.43,-0.26,-0.09
2020-05-15,-0.44,-0.45,-0.28,-0.11
2020-05-18,-0.46,-0.44,-0.25,-0.07
2020-05-19,-0.47,-0.45,-0.25,-0.06
2020-05-20,-0.49,-0.48,-0.29,-0.1
2020-05-21,-0.46,-0.46,-0.27,-0.08
2020-05-22,-0.46,-0.46,-0.28,-0.08
2020-05-26,-0.47,-0.44,-0.24,-0.03
2020-05-27,-0.48,-0.46,-0.25,-0.03
2020-05-28,-0.52,-0.48,-0.24,-0.05
2020-05-29,-0.53,-0.5,-0.27,-0.07
2020-06-01,-0.53,-0.52,-0.3,-0.06
2020-06-02,-0.52,-0.5,-0.26,-0.03
2020-06-03,-0.5,-0.44,-0.19,0.02
2020-06-04,-0.48,-0.4,-0.15,0.06
2020-06-05,-0.48,-0.36,-0.12,0.1
2020-06-08,-0.53,-0.4,-0.15,0.08
2020-06-09,-0.58,-0.42,-0.16,0.05
2020-06-10,-0.67,-0.52,-0.25,-0.03
2020-06-11,-0.63,-0.55,-0.31,-0.1
2020-06-12,-0.62,-0.5,-0.26,-0.04
2020-06-15,-0.65,-0.52,-0.27,-0.05
2020-06-16,-0.68,-0.52,-0.23,-0.01
2020-06-17,-0.67,-0.52,-0.24,-0.01
2020-06-18,-0.78,-0.57,-0.29,-0.07
2020-06-19,-0.73,-0.6,-0.33,-0.09
2020-06-22,-0.77,-0.63,-0.36,-0.12
2020-06-23,-0.81,-0.66,-0.38,-0.14
2020-06-24,-0.77,-0.64,-0.38,-0.14
2020-06-25,-0.79,-0.65,-0.4,-0.16
2020-06-26,-0.81,-0.68,-0.43,-0.2
2020-06-29,-0.86,-0.7,-0.41,-0.18
2020-06-30,-0.87,-0.68,-0.38,-0.15
2020-07-01,-0.86,-0.68,-0.38,-0.15
2020-07-02,-0.92,-0.73,-0.42,-0.18
2020-07-06,-0.97,-0.76,-0.44,-0.2
2020-07-07,-0.97,-0.78,-0.47,-0.23
2020-07-08,-0.95,-0.75,-0.43,-0.19
2020-07-09,-0.94,-0.77,-0.48,-0.24
2020-07-10,-0.95,-0.76,-0.46,-0.22
2020-07-13,-0.97,-0.78,-0.48,-0.24
2020-07-14,-0.99,-0.78,-0.48,-0.25
2020-07-15,-1.0,-0.77,-0.46,-0.24
2020-07-16,-1.02,-0.79,-0.48,-0.27
2020-07-17,-1.06,-0.82,-0.5,-0.28
2020-07-20,-1.08,-0.84,-0.52,-0.3
2020-07-21,-1.13,-0.87,-0.54,-0.32
2020-07-22,-1.13,-0.88,-0.55,-0.32
2020-07-23,-1.1,-0.9,-0.59,-0.34
2020-07-24,-1.08,-0.92,-0.62,-0.37
2020-07-27,-1.08,-0.9,-0.6,-0.36
2020-07-28,-1.1,-0.92,-0.63,-0.39
2020-07-29,-1.13,-0.95,-0.65,-0.4
2020-07-30,-1.14,-0.97,-0.68,-0.42
2020-07-31,-1.19,-1.0,-0.69,-0.45
2020-08-03,-1.24,-1.02,-0.69,-0.44
2020-08-04,-1.26,-1.05,-0.71,-0.46
2020-08-05,-1.3,-1.06,-0.71,-0.45
2020-08-06,-1.32,-1.08,-0.72,-0.45
2020-08-07,-1.27,-1.04,-0.69,-0.41
2020-08-10,-1.25,-1.02,-0.67,-0.41
2020-08-11,-1.23,-0.99,-0.63,-0.37
2020-08-12,-1.26,-0.98,-0.61,-0.35
2020-08-13,-1.24,-0.96,-0.57,-0.3
2020-08-14,-1.24,-0.94,-0.54,-0.26
2020-08-17,-1.25,-0.97,-0.56,-0.28
2020-08-18,-1.28,-1.01,-0.62,-0.35
2020-08-19,-1.26,-0.99,-0.6,-0.33
2020-08-20,-1.22,-0.97,-0.56,-0.26
2020-08-21,-1.25,-1.0,-0.61,-0.34
2020-08-24,-1.29,-1.02,-0.63,-0.36
2020-08-25,-1.3,-1.01,-0.61,-0.34
2020-08-26,-1.35,-1.03,-0.63,-0.35
2020-08-27,-1.34,-0.99,-0.55,-0.26
2020-08-28,-1.4,-1.03,-0.57,-0.28
2020-08-31,-1.41,-1.08,-0.64,-0.35
2020-09-01,-1.39,-1.08,-0.67,-0.39
2020-09-02,-1.35,-1.07,-0.67,-0.4
2020-09-03,-1.29,-1.02,-0.65,-0.39
2020-09-04,-1.27,-0.98,-0.59,-0.33
2020-09-08,-1.27,-0.99,-0.61,-0.35
2020-09-09,-1.29,-1.0,-0.61,-0.34
2020-09-10,-1.28,-1.01,-0.62,-0.36
2020-09-11,-1.27,-0.98,-0.6,-0.33
2020-09-14,-1.27,-0.97,-0.59,-0.32
2020-09-15,-1.27,-0.99,-0.6,-0.34
2020-09-16,-1.29,-0.99,-0.58,-0.32
2020-09-17,-1.29,-0.97,-0.57,-0.32
2020-09-18,-1.29,-0.97,-0.57,-0.31
2020-09-21,-1.23,-0.94,-0.56,-0.3
2020-09-22,-1.23,-0.94,-0.56,-0.3
2020-09-23,-1.2,-0.92,-0.55,-0.31
2020-09-24,-1.18,-0.91,-0.56,-0.33
2020-09-25,-1.17,-0.92,-0.55,-0.34
2020-09-28,-1.22,-0.94,-0.55,-0.34
2020-09-29,-1.25,-0.98,-0.59,-0.36
2020-09-30,-1.22,-0.94,-0.54,-0.32
2020-10-01,-1.21,-0.95,-0.55,-0.34
2020-10-02,-1.2,-0.94,-0.55,-0.33
2020-10-05,-1.19,-0.9,-0.5,-0.27
2020-10-06,-1.19,-0.9,-0.5,-0.26
2020-10-07,-1.19,-0.9,-0.48,-0.24
2020-10-08,-1.23,-0.94,-0.52,-0.29
2020-10-09,-1.22,-0.94,-0.52,-0.29
2020-10-13,-1.21,-0.96,-0.58,-0.33
2020-10-14,-1.22,-0.96,-0.58,-0.33
2020-10-15,-1.2,-0.95,-0.57,-0.33
2020-10-16,-1.21,-0.95,-0.56,-0.33
2020-10-19,-1.19,-0.93,-0.53,-0.3
2020-10-20,-1.19,-0.91,-0.49,-0.26
2020-10-21,-1.2,-0.91,-0.48,-0.26
2020-10-22,-1.3,-0.89,-0.45,-0.23
2020-10-23,-1.29,-0.9,-0.47,-0.25
2020-10-26,-1.28,-0.91,-0.49,-0.28
2020-10-27,-1.3,-0.92,-0.52,-0.3
2020-10-28,-1.27,-0.91,-0.5,-0.29
2020-10-29,-1.23,-0.86,-0.47,-0.26
2020-10-30,-1.21,-0.82,-0.42,-0.23
2020-11-02,-1.22,-0.84,-0.42,-0.26
2020-11-03,-1.23,-0.82,-0.42,-0.24
2020-11-04,-1.23,-0.86,-0.47,-0.27
2020-11-05,-1.22,-0.87,-0.48,-0.29
2020-11-06,-1.18,-0.82,-0.43,-0.24
2020-11-09,-1.19,-0.77,-0.33,-0.15
2020-11-10,-1.23,-0.78,-0.33,-0.17
2020-11-12,-1.23,-0.83,-0.38,-0.24
2020-11-13,-1.23,-0.83,-0.4,-0.24
2020-11-16,-1.23,-0.81,-0.36,-0.22
2020-11-17,-1.24,-0.83,-0.38,-0.25
2020-11-18,-1.23,-0.82,-0.4,-0.24
2020-11-19,-1.23,-0.84,-0.46,-0.27
2020-11-20,-1.23,-0.86,-0.49,-0.31
2020-11-23,-1.23,-0.85,-0.49,-0.3
2020-11-24,-1.26,-0.86,-0.48,-0.29
2020-11-25,-1.28,-0.87,-0.49,-0.29
2020-11-27,-1.3,-0.91,-0.53,-0.33
2020-11-30,-1.32,-0.93,-0.55,-0.35
2020-12-01,-1.3,-0.89,-0.49,-0.3
2020-12-02,-1.34,-0.9,-0.49,-0.29
2020-12-03,-1.38,-0.94,-0.51,-0.32
2020-12-04,-1.41,-0.92,-0.48,-0.28
2020-12-07,-1.44,-0.94,-0.49,-0.3
2020-12-08,-1.45,-0.97,-0.53,-0.32
2020-12-09,-1.43,-0.96,-0.53,-0.32
2020-12-10,-1.44,-0.96,-0.55,-0.35
2020-12-11,-1.45,-0.97,-0.55,-0.34
2020-12-14,-1.47,-0.98,-0.55,-0.34
2020-12-15,-1.49,-0.99,-0.56,-0.35
2020-12-16,-1.53,-1.0,-0.55,-0.33
2020-12-17,-1.52,-1.0,-0.56,-0.33
2020-12-18,-1.53,-1.0,-0.55,-0.32
2020-12-21,-1.51,-1.0,-0.56,-0.32
2020-12-22,-1.55,-1.01,-0.54,-0.33
2020-12-23,-1.55,-1.01,-0.55,-0.32
2020-12-24,-1.55,-1.03,-0.58,-0.35
2020-12-28,-1.54,-1.03,-0.58,-0.35
2020-12-29,-1.53,-1.02,-0.58,-0.34
2020-12-30,-1.55,-1.03,-0.58,-0.35
2020-12-31,-1.59,-1.06,-0.61,-0.37
2021-01-04,-1.62,-1.08,-0.63,-0.39
2021-01-05,-1.63,-1.07,-0.61,-0.36
2021-01-06,-1.61,-1.02,-0.55,-0.3
2021-01-07,-1.63,-1.01,-0.53,-0.28
2021-01-08,-1.58,-0.93,-0.46,-0.21
2021-01-11,-1.54,-0.91,-0.45,-0.2
2021-01-12,-1.56,-0.93,-0.47,-0.22
2021-01-13,-1.56,-0.96,-0.52,-0.28
2021-01-14,-1.6,-0.94,-0.48,-0.24
2021-01-15,-1.63,-0.99,-0.51,-0.26
2021-01-19,-1.67,-1.0,-0.53,-0.29
2021-01-20,-1.7,-1.02,-0.54,-0.3
2021-01-21,-1.73,-0.98,-0.53,-0.3
2021-01-22,-1.72,-0.99,-0.53,-0.3
2021-01-25,-1.73,-1.03,-0.56,-0.32
2021-01-26,-1.73,-1.03,-0.55,-0.29
2021-01-27,-1.74,-1.04,-0.55,-0.28
2021-01-28,-1.76,-1.06,-0.57,-0.31
2021-01-29,-1.76,-1.02,-0.52,-0.27
2021-02-01,-1.76,-1.02,-0.51,-0.27
2021-02-02,-1.78,-1.03,-0.51,-0.27
2021-02-03,-1.81,-1.04,-0.5,-0.25
2021-02-04,-1.79,-1.02,-0.49,-0.24
2021-02-05,-1.81,-1.02,-0.46,-0.2
2021-02-08,-1.83,-1.03,-0.46,-0.22
2021-02-09,-1.83,-1.04,-0.48,-0.22
2021-02-10,-1.85,-1.06,-0.49,-0.24
2021-02-11,-1.86,-1.04,-0.45,-0.2
2021-02-12,-1.85,-1.01,-0.41,-0.16
2021-02-16,-1.8,-0.94,-0.33,-0.11
2021-02-17,-1.78,-0.92,-0.33,-0.11
2021-02-18,-1.73,-0.87,-0.29,-0.04
2021-02-19,-1.7,-0.8,-0.2,0.03
2021-02-22,-1.74,-0.79,-0.18,0.06
2021-02-23,-1.76,-0.79,-0.16,0.08
2021-02-24,-1.76,-0.79,-0.16,0.11
2021-02-25,-1.53,-0.6,-0.03,0.22
2021-02-26,-1.64,-0.71,-0.18,0.06
2021-03-01,-1.69,-0.71,-0.14,0.12
2021-03-02,-1.76,-0.78,-0.18,0.08
2021-03-03,-1.72,-0.74,-0.17,0.1
2021-03-04,-1.66,-0.66,-0.11,0.15
2021-03-05,-1.64,-0.66,-0.13,0.12
2021-03-08,-1.56,-0.62,-0.1,0.15
2021-03-09,-1.58,-0.66,-0.15,0.1
2021-03-10,-1.67,-0.73,-0.21,0.05
2021-03-11,-1.73,-0.74,-0.19,0.08
2021-03-12,-1.66,-0.62,-0.05,0.21
2021-03-15,-1.7,-0.65,-0.1,0.16
2021-03-16,-1.76,-0.68,-0.12,0.14
2021-03-17,-1.78,-0.67,-0.09,0.17
2021-03-18,-1.64,-0.56,-0.03,0.21
2021-03-19,-1.61,-0.57,-0.06,0.18
2021-03-22,-1.64,-0.64,-0.15,0.08
2021-03-23,-1.65,-0.66,-0.17,0.05
2021-03-24,-1.7,-0.69,-0.2,0.03
2021-03-25,-1.72,-0.69,-0.19,0.05
2021-03-26,-1.72,-0.67,-0.17,0.06
2021-03-29,-1.67,-0.63,-0.13,0.1
2021-03-30,-1.62,-0.62,-0.14,0.09
2021-03-31,-1.62,-0.63,-0.13,0.11
2021-04-01,-1.65,-0.66,-0.16,0.07
2021-04-02,-1.61,-0.64,-0.16,0.07
2021-04-05,-1.61,-0.62,-0.14,0.1
2021-04-06,-1.64,-0.65,-0.15,0.1
2021-04-07,-1.66,-0.66,-0.13,0.12
2021-04-08,-1.7,-0.69,-0.16,0.1
2021-04-09,-1.64,-0.64,-0.11,0.14
2021-04-12,-1.63,-0.64,-0.12,0.13
2021-04-13,-1.69,-0.69,-0.17,0.09
2021-04-14,-1.69,-0.69,-0.16,0.1
2021-04-15,-1.74,-0.77,-0.25,0.01
2021-04-16,-1.73,-0.77,-0.25,0.01
2021-04-19,-1.71,-0.73,-0.2,0.05
2021-04-20,-1.71,-0.74,-0.22,0.04
2021-04-21,-1.72,-0.76,-0.23,0.02
2021-04-22,-1.61,-0.76,-0.27,0.0
2021-04-23,-1.61,-0.76,-0.26,0.0
2021-04-26,-1.62,-0.78,-0.28,-0.02
2021-04-27,-1.63,-0.76,-0.26,-0.01
2021-04-28,-1.68,-0.78,-0.27,-0.02
2021-04-29,-1.7,-0.77,-0.26,0.01
2021-04-30,-1.71,-0.76,-0.24,0.02
2021-05-03,-1.76,-0.79,-0.25,0.02
2021-05-04,-1.8,-0.81,-0.27,0.0
2021-05-05,-1.88,-0.88,-0.32,-0.05
2021-05-06,-1.85,-0.87,-0.3,-0.03
2021-05-07,-1.88,-0.89,-0.31,-0.03
2021-05-10,-1.91,-0.91,-0.32,-0.03
2021-05-11,-1.88,-0.89,-0.29,0.0
2021-05-12,-1.85,-0.85,-0.25,0.04
2021-05-13,-1.81,-0.85,-0.26,0.03
2021-05-14,-1.86,-0.88,-0.3,-0.02
2021-05-17,-1.88,-0.9,-0.3,-0.02
2021-05-18,-1.89,-0.88,-0.27,0.0
2021-05-19,-1.79,-0.8,-0.21,0.04
2021-05-20,-1.76,-0.78,-0.21,0.04
2021-05-21,-1.78,-0.8,-0.21,0.03
2021-05-24,-1.82,-0.83,-0.25,0.0
2021-05-25,-1.84,-0.86,-0.29,-0.05
2021-05-26,-1.8,-0.82,-0.26,-0.03
2021-05-27,-1.78,-0.81,-0.25,-0.02
2021-05-28,-1.78,-0.84,-0.3,-0.06
2021-06-01,-1.79,-0.84,-0.29,-0.05
2021-06-02,-1.79,-0.85,-0.29,-0.05
2021-06-03,-1.72,-0.79,-0.25,-0.03
2021-06-04,-1.76,-0.84,-0.31,-0.08
2021-06-07,-1.72,-0.82,-0.29,-0.06
2021-06-08,-1.7,-0.83,-0.32,-0.09
2021-06-09,-1.66,-0.82,-0.33,-0.11
2021-06-10,-1.74,-0.9,-0.39,-0.16
2021-06-11,-1.67,-0.85,-0.37,-0.14
2021-06-14,-1.64,-0.85,-0.37,-0.15
2021-06-15,-1.67,-0.87,-0.38,-0.15
2021-06-16,-1.52,-0.75,-0.31,-0.11
2021-06-17,-1.41,-0.75,-0.36,-0.15
2021-06-18,-1.48,-0.79,-0.38,-0.21
2021-06-21,-1.51,-0.75,-0.31,-0.12
2021-06-22,-1.59,-0.83,-0.36,-0.17
2021-06-23,-1.59,-0.84,-0.36,-0.16
2021-06-24,-1.55,-0.81,-0.36,-0.16
2021-06-25,-1.54,-0.8,-0.34,-0.13
2021-06-28,-1.55,-0.84,-0.4,-0.19
2021-06-29,-1.57,-0.83,-0.38,-0.17
2021-06-30,-1.6,-0.87,-0.4,-0.2
2021-07-01,-1.6,-0.87,-0.41,-0.21
2021-07-02,-1.63,-0.89,-0.43,-0.22
2021-07-06,-1.67,-0.94,-0.47,-0.26
2021-07-07,-1.64,-0.95,-0.49,-0.28
2021-07-08,-1.64,-0.92,-0.45,-0.25
2021-07-09,-1.65,-0.91,-0.43,-0.23
2021-07-12,-1.67,-0.95,-0.47,-0.25
2021-07-13,-1.71,-0.94,-0.45,-0.23
2021-07-14,-1.73,-0.97,-0.47,-0.25
2021-07-15,-1.75,-1.01,-0.52,-0.29
2021-07-16,-1.73,-1.02,-0.53,-0.29
2021-07-19,-1.71,-1.05,-0.58,-0.34
2021-07-20,-1.71,-1.03,-0.53,-0.29
2021-07-21,-1.71,-0.98,-0.49,-0.26
2021-07-22,-1.75,-1.01,-0.53,-0.29
2021-07-23,-1.81,-1.05,-0.55,-0.31
2021-07-26,-1.86,-1.11,-0.61,-0.36
2021-07-27,-1.84,-1.13,-0.62,-0.36
2021-07-28,-1.85,-1.15,-0.63,-0.36
2021-07-29,-1.85,-1.15,-0.63,-0.36
2021-07-30,-1.87,-1.16,-0.62,-0.35
2021-08-02,-1.85,-1.17,-0.64,-0.36
2021-08-03,-1.86,-1.19,-0.66,-0.37
2021-08-04,-1.83,-1.16,-0.64,-0.37
2021-08-05,-1.74,-1.1,-0.6,-0.34
2021-08-06,-1.73,-1.06,-0.55,-0.3
2021-08-09,-1.71,-1.04,-0.54,-0.28
2021-08-10,-1.71,-1.04,-0.54,-0.28
2021-08-11,-1.74,-1.07,-0.55,-0.28
2021-08-12,-1.72,-1.05,-0.53,-0.26
2021-08-13,-1.73,-1.08,-0.57,-0.3
2021-08-16,-1.75,-1.1,-0.58,-0.31
2021-08-17,-1.72,-1.07,-0.54,-0.27
2021-08-18,-1.69,-1.05,-0.55,-0.29
2021-08-19,-1.67,-1.04,-0.55,-0.3
2021-08-20,-1.6,-1.01,-0.54,-0.3
2021-08-23,-1.65,-1.02,-0.55,-0.31
2021-08-24,-1.65,-1.01,-0.53,-0.29
2021-08-25,-1.67,-1.0,-0.49,-0.26
2021-08-26,-1.66,-0.99,-0.5,-0.28
2021-08-27,-1.74,-1.08,-0.59,-0.35
2021-08-30,-1.74,-1.08,-0.58,-0.34
2021-08-31,-1.71,-1.03,-0.54,-0.3
2021-09-01,-1.7,-1.03,-0.54,-0.31
2021-09-02,-1.69,-1.03,-0.55,-0.31
2021-09-03,-1.7,-1.01,-0.51,-0.28
2021-09-07,-1.69,-0.98,-0.47,-0.25
2021-09-08,-1.72,-1.03,-0.53,-0.29
2021-09-09,-1.76,-1.08,-0.59,-0.36
2021-09-10,-1.73,-1.05,-0.58,-0.34
2021-09-13,-1.72,-1.04,-0.57,-0.34
2021-09-14,-1.7,-1.05,-0.59,-0.37
2021-09-15,-1.7,-1.04,-0.58,-0.36
2021-09-16,-1.69,-1.01,-0.55,-0.34
2021-09-17,-1.63,-0.96,-0.52,-0.32
2021-09-20,-1.6,-0.98,-0.55,-0.34
2021-09-21,-1.6,-0.96,-0.54,-0.33
2021-09-22,-1.55,-0.96,-0.55,-0.34
2021-09-23,-1.54,-0.9,-0.49,-0.3
2021-09-24,-1.5,-0.87,-0.44,-0.24
2021-09-27,-1.52,-0.87,-0.45,-0.25
2021-09-28,-1.51,-0.84,-0.41,-0.2
2021-09-29,-1.51,-0.82,-0.38,-0.18
2021-09-30,-1.53,-0.85,-0.39,-0.19
2021-10-01,-1.58,-0.9,-0.44,-0.23
2021-10-04,-1.58,-0.89,-0.44,-0.23
2021-10-05,-1.61,-0.91,-0.44,-0.23
2021-10-06,-1.58,-0.9,-0.44,-0.24
2021-10-07,-1.59,-0.88,-0.41,-0.2
2021-10-08,-1.59,-0.89,-0.42,-0.21
2021-10-12,-1.56,-0.9,-0.45,-0.24
2021-10-13,-1.59,-0.96,-0.53,-0.32
2021-10-14,-1.64,-1.0,-0.55,-0.34
2021-10-15,-1.58,-0.97,-0.54,-0.33
2021-10-18,-1.55,-0.95,-0.54,-0.34
2021-10-19,-1.54,-0.89,-0.47,-0.27
2021-10-20,-1.61,-0.92,-0.46,-0.26
2021-10-21,-1.71,-0.96,-0.52,-0.31
2021-10-22,-1.69,-0.98,-0.54,-0.32
2021-10-25,-1.76,-1.02,-0.56,-0.32
2021-10-26,-1.79,-1.06,-0.6,-0.37
2021-10-27,-1.8,-1.11,-0.68,-0.46
2021-10-28,-1.72,-1.0,-0.57,-0.36
2021-10-29,-1.71,-0.96,-0.51,-0.3
2021-11-01,-1.66,-0.92,-0.48,-0.27
2021-11-02,-1.69,-0.95,-0.52,-0.32
2021-11-03,-1.67,-0.93,-0.51,-0.3
2021-11-04,-1.78,-1.03,-0.59,-0.38
2021-11-05,-1.83,-1.09,-0.66,-0.45
2021-11-08,-1.81,-1.11,-0.7,-0.5
2021-11-09,-1.88,-1.17,-0.76,-0.57
2021-11-10,-1.85,-1.14,-0.72,-0.52
2021-11-12,-1.87,-1.15,-0.71,-0.51
2021-11-15,-1.91,-1.13,-0.68,-0.48
2021-11-16,-1.9,-1.1,-0.63,-0.42
2021-11-17,-1.9,-1.1,-0.64,-0.43
2021-11-18,-1.89,-1.14,-0.69,-0.47
2021-11-19,-1.8,-1.11,-0.71,-0.52
2021-11-22,-1.65,-0.98,-0.59,-0.41
2021-11-23,-1.67,-0.95,-0.54,-0.36
2021-11-24,-1.69,-0.97,-0.57,-0.39
2021-11-26,-1.76,-1.07,-0.66,-0.48
2021-11-29,-1.73,-1.02,-0.62,-0.44
2021-11-30,-1.66,-1.07,-0.69,-0.51
2021-12-01,-1.55,-1.01,-0.66,-0.5
2021-12-02,-1.52,-1.03,-0.71,-0.56
2021-12-03,-1.59,-1.08,-0.75,-0.59
2021-12-06,-1.58,-1.01,-0.65,-0.5
2021-12-07,-1.58,-0.99,-0.62,-0.47
2021-12-08,-1.61,-1.0,-0.61,-0.43
2021-12-09,-1.54,-0.98,-0.59,-0.41
2021-12-10,-1.51,-0.96,-0.56,-0.36
2021-12-13,-1.52,-0.98,-0.59,-0.4
2021-12-14,-1.43,-0.93,-0.55,-0.37
2021-12-15,-1.41,-0.92,-0.54,-0.35
2021-12-16,-1.51,-0.98,-0.55,-0.34
2021-12-17,-1.47,-0.97,-0.57,-0.37
2021-12-20,-1.48,-0.96,-0.56,-0.36
2021-12-21,-1.45,-0.96,-0.58,-0.38
2021-12-22,-1.47,-1.01,-0.62,-0.43
2021-12-23,-1.47,-0.97,-0.58,-0.38
2021-12-27,-1.49,-1.02,-0.62,-0.42
2021-12-28,-1.51,-1.01,-0.61,-0.4
2021-12-29,-1.54,-0.98,-0.57,-0.38
2021-12-30,-1.59,-1.06,-0.64,-0.43
2021-12-31,-1.61,-1.04,-0.63,-0.44
2022-01-03,-1.58,-0.97,-0.55,-0.36
2022-01-04,-1.56,-0.91,-0.47,-0.27
2022-01-05,-1.44,-0.82,-0.39,-0.2
2022-01-06,-1.3,-0.73,-0.33,-0.15
2022-01-07,-1.28,-0.72,-0.33,-0.16
2022-01-10,-1.24,-0.7,-0.33,-0.15
2022-01-11,-1.36,-0.79,-0.4,-0.22
2022-01-12,-1.32,-0.74,-0.35,-0.17
2022-01-13,-1.3,-0.73,-0.34,-0.17
